ffa8ff09074d4109b8d4dd36ef8c29b7	Casin8 Desktop - Poker Interface	https://lh3.googleusercontent.com/aida/AOfcidUQJs0M_HIN5w7HNFZKQ-Lg-ug70eupiu521pDon574A2BDWCnT1Wn1r6P2pWTP7zZZHlCF5K6MeSJX-bg0glhofNOOATcfvFjgnJM7tY9c80s5VdkpB3ElHf5_fA0iN4-jF39XScPfDpsBUP7pfk9uZKoGf2M3i0AixrHACEzO7NAdND0ML9v_aMBKQ8h3UGyceb-MugtLNfodNSzpIZtBtrPDCGuJTtwZNs7eNSEcIHsZKTKLClTpfKM_	https://contribution.usercontent.google.com/download?c=CgthaWRhX2NvZGVmeBJ8Eh1hcHBfY29tcGFuaW9uX2dlbmVyYXRlZF9maWxlcxpbCiVodG1sX2VjYWM2YmE2MTIzZTQyMjU5OTNjZWIxYzEzNTcxNjQ1EgsSBxDYt9fm8hcYAZIBJAoKcHJvamVjdF9pZBIWQhQxMjU3NjkzMzI1MjI0OTgyNDQxNw&filename=&opi=96797242
06a7098512624c8fa0971b15dec0d096	Casin8 Mobile - Blackjack Interface	https://lh3.googleusercontent.com/aida/AOfcidUB2iC_Gf0o9ofAX0fVMsPvMdoOAONqqRkIVuptL8l39jMaRmZGz9iykH404TiCsQyNPVHb1s9HJO58OQWVZs0VnAOZ1rEx1G0bW0zAFZ9IY3wNz_ytD1q5RhD058tIe18tBdxYSctEr8a9C-0qpUExWegHuW9IptnhYj3yVeo5gKdGTMa0bjinrJEBLIiNJJZT47z_IF_XnnQ4eulNXyddxZVFTuN4gvnEnFMRuxLEb5MwiGrdfWdSBhpp	https://contribution.usercontent.google.com/download?c=CgthaWRhX2NvZGVmeBJ8Eh1hcHBfY29tcGFuaW9uX2dlbmVyYXRlZF9maWxlcxpbCiVodG1sXzg3YjA1OGQ3Y2E2ODRhODc5OTM0ZWM1ZDczNzdkNWMxEgsSBxDYt9fm8hcYAZIBJAoKcHJvamVjdF9pZBIWQhQxMjU3NjkzMzI1MjI0OTgyNDQxNw&filename=&opi=96797242
feca8c1f3ee14323a526dd241d88e1a0	Casin8 Desktop - Texas Hold'em Poker	https://lh3.googleusercontent.com/aida/AOfcidWHDD64Bk2Qqum34Qq0vkjzpeWDyLYYAKiLtXIQh87TiaZUiZ6jZ0lOVpGjPa4VW01AW0cRt8Nbpr9BnSALMIb608sAEBrail5AIIA-QiTBbe6adsAhaXSF1Hg6yetfUD1GzehZSorTPeVrifdeFISJrqi06E1wZiVfslI4bu8mL2k5UO3VyZa8Qk4CvMPQiQ4lveCWxGQS3mry4fMFg5TzW9uXhXOncEEDzSij8MEu4-u_Xn1yl6iSaafy	https://contribution.usercontent.google.com/download?c=CgthaWRhX2NvZGVmeBJ8Eh1hcHBfY29tcGFuaW9uX2dlbmVyYXRlZF9maWxlcxpbCiVodG1sXzYyZTVlYWVmMDhkYzQ3NzM5YmU2NDQwNDgxY2QxNWQ0EgsSBxDYt9fm8hcYAZIBJAoKcHJvamVjdF9pZBIWQhQxMjU3NjkzMzI1MjI0OTgyNDQxNw&filename=&opi=96797242
0bdd73741dc1483db16e04bfdf370a35	Casin8 Mobile - Blackjack Interface	https://lh3.googleusercontent.com/aida/AOfcidX3pMRrytYF05X4RDp3j_XL_G_r-hau9DYXmFT_ePcvx9mWgVkZXUc_aWmaPAALjZC_j3Dgir3ZSv98m2gtMj9d5jqVkQHweichpnHETvJzo_Gj1qEszgEQP9P8pQ1wmXxOHZdNH_PNDoNr06Qw81MFbbzgToHhZ3OhZb-WULUpRpCux1-IiRXLBjdL71D79oV_iVIPkj8OF5VKM98pnlpr13qbUz_BEPT6ejw-n99zNyD-NbjO6254ZBrm	https://contribution.usercontent.google.com/download?c=CgthaWRhX2NvZGVmeBJ8Eh1hcHBfY29tcGFuaW9uX2dlbmVyYXRlZF9maWxlcxpbCiVodG1sX2JmM2ExYzZmMGQwMDQ0ZDZiYmJkZTI2ZmM0ZTRkNDVkEgsSBxDYt9fm8hcYAZIBJAoKcHJvamVjdF9pZBIWQhQxMjU3NjkzMzI1MjI0OTgyNDQxNw&filename=&opi=96797242
99d4ccb7f85942aea905a0bfa6bed80c	Casin8 Desktop - Slots Interface	https://lh3.googleusercontent.com/aida/AOfcidVKlJv_pdAODKz7W5Y7F4HjEYgQM80MK1kJKEqR3l4wUcyrNoTebRvCtNPGoORO9DQ6Pxxvn8x8CK6-wn3kOjzJY6ypdXPeD9uf5X6LdTqpXMAoVXRjostHfxYu8z0QEY3ZLoJqaA2JGYK65G_8gs-CLp6ofeqMRY2BHiNA1zQPId4xY83htwFOU_wMcaJcHBo7nanbFqKTImdD7hMUQb7egsGQ0IcoWVcp9Ns7uCNomeEl_CkQ70fgn1MR	https://contribution.usercontent.google.com/download?c=CgthaWRhX2NvZGVmeBJ8Eh1hcHBfY29tcGFuaW9uX2dlbmVyYXRlZF9maWxlcxpbCiVodG1sXzFlMWY4NjdhMTY4MDQ2YTg5YTk1MGU2ZDE4NjhiM2VhEgsSBxDYt9fm8hcYAZIBJAoKcHJvamVjdF9pZBIWQhQxMjU3NjkzMzI1MjI0OTgyNDQxNw&filename=&opi=96797242
8c74ea4f95f74010ae126a615e62246c	Casin8 Mobile - Blackjack Template	https://lh3.googleusercontent.com/aida/AOfcidUk0NeN-UIgwlu2eq8ISF_y4TPK8Wdehwx5sF2KmKp-oPHhW3DTJ-vAWoYmBA02oHZuETMnovljmFUDh0Vec9sKCs1QeYk8HmK3pjX8lff6DOtXQSSgckr8XcFjKzqyMAhrhMa3-CufNngYDd0UH1jlNaSlM_Qr1JvrVidFPZ0lubmrZQuZ_hfr8uz3aMTzi2HbL1yyMy0_UGWn2jqUsEwbm4w0sMqSTkcbpjEulajYOGNF8SpkgcFUkNU	https://contribution.usercontent.google.com/download?c=CgthaWRhX2NvZGVmeBJ8Eh1hcHBfY29tcGFuaW9uX2dlbmVyYXRlZF9maWxlcxpbCiVodG1sX2JkOWE3NDQwYTBjODRiMGVhOWVmNTE3YmQwZDUyZTEwEgsSBxDYt9fm8hcYAZIBJAoKcHJvamVjdF9pZBIWQhQxMjU3NjkzMzI1MjI0OTgyNDQxNw&filename=&opi=96797242
8bdb1f70135b4b0a86dfc06578033f5c	Casin8 Desktop - Texas Hold'em Poker	https://lh3.googleusercontent.com/aida/AOfcidW71lpe6ImoNkx74uodmTSuotsmpmOmmx1WVyQ6l46fOtlbFPgppp6TDBEI9WM2TR1KFqn0G2TIIVA0RaY9Q218DKyMiUAAIn3P1QS3E7fZ-sQk98TM7uwZejLKa8FBxODPkEacViLf3z0CIdeZy_U7KE-8lP0y1jJ39BZStDW63rk132Cohbs2GfdsfFwgoBushR5120y2aqL4ariOTsgWrpWuM6S4ccENuOlUAmCH9dwTcZFbAhuWN24	https://contribution.usercontent.google.com/download?c=CgthaWRhX2NvZGVmeBJ8Eh1hcHBfY29tcGFuaW9uX2dlbmVyYXRlZF9maWxlcxpbCiVodG1sXzQyNTMyZTU2NmNhZTQxNjI5ODYwNTYzNWJjMGUwNmQwEgsSBxDYt9fm8hcYAZIBJAoKcHJvamVjdF9pZBIWQhQxMjU3NjkzMzI1MjI0OTgyNDQxNw&filename=&opi=96797242
549d8736a08040c0b120581c689b0b61	Casin8 Mobile - Texas Hold'em Poker	https://lh3.googleusercontent.com/aida/AOfcidVUfgsbjvocSrqG9K8eZP_go2ydedGUZcX8JjQXnusyvC4-2W-JptZLV0e18uX-EGtug9hEs9u4yWyNga43p5fsSsFyn2XslGTdZWBw-NgpHZyhTzBAp5tgVYJqhIC2yd_-iizFkn-wDI89GMl7EALhMpGwoYzry0XnNaTz0t_Ahzp3yGFwB1P9LsU8h1xvsnl8ezLpQyjMW5nbmlkkIlolEe9CsagWWUDkFAs9ZRx0dcbjbU_VqI11GguY	https://contribution.usercontent.google.com/download?c=CgthaWRhX2NvZGVmeBJ8Eh1hcHBfY29tcGFuaW9uX2dlbmVyYXRlZF9maWxlcxpbCiVodG1sX2YzZDhmZTEyMzFmNjRhYzliNGYwM2MxODkxZjUxN2I1EgsSBxDYt9fm8hcYAZIBJAoKcHJvamVjdF9pZBIWQhQxMjU3NjkzMzI1MjI0OTgyNDQxNw&filename=&opi=96797242
80c77102457146239a77cd934ccade30	Casin8 Mobile - Texas Hold'em Poker	https://lh3.googleusercontent.com/aida/AOfcidXLoG6kFiQPRco_nFQswfgyczpU0IDsr9B5LckvSMqakURlNgseqb3gKvhNcboBeujR6cEnrX34ZT77demWzL9CTn0h4OkRoBnZdJYAQ0I1LjYn-v18BsCMr9SX7O7XK0NjYOOQvw18IhvBr17o-p-zM_xSd1kejZrj-iDu54DhuJnRHWY95QCQxetgq499CNLf2qLK6JrLXxEQ43wXEK6ZxS5az-VI6SasySFJ0slXZ1aLY_Fdw1e5zQGI	https://contribution.usercontent.google.com/download?c=CgthaWRhX2NvZGVmeBJ8Eh1hcHBfY29tcGFuaW9uX2dlbmVyYXRlZF9maWxlcxpbCiVodG1sXzVlMTc1MWZhYWZlNTRmZmM4ODE3NjQ3ZmNkMjBhYjI1EgsSBxDYt9fm8hcYAZIBJAoKcHJvamVjdF9pZBIWQhQxMjU3NjkzMzI1MjI0OTgyNDQxNw&filename=&opi=96797242
1e5a906b03af4d328af06836bbbfd96f	Casin8 UI Kit & Component Library	https://lh3.googleusercontent.com/aida/AOfcidVgEiPzpYnzKPLqo5fpNtoGFs_cpiR_BSm7U0Ka4PXMAQRGaz60Dr5i2BENoBUowHjB8u5RqH47kViFk1Hd-ltcW6RGd1sDcqt_bv_2Y43gqY7Lwwy3R4QhN4AI0qS45dPq0iZEIryW0jWwegBGf5QmQslL8ufMuHpZu8iuEYiW91w-A9scpQBI9vzlUF0o6VQrl4N3gFR_P0pgHxnfi8h5Dfng3b_RDJehiGUJ4O1c43HQqIfIrHdrHTT4	https://contribution.usercontent.google.com/download?c=CgthaWRhX2NvZGVmeBJ8Eh1hcHBfY29tcGFuaW9uX2dlbmVyYXRlZF9maWxlcxpbCiVodG1sXzc1NGQ3MTJkZTVhMTRlMjc4ZDJhOTIwOGY5ZDVlN2UxEgsSBxDYt9fm8hcYAZIBJAoKcHJvamVjdF9pZBIWQhQxMjU3NjkzMzI1MjI0OTgyNDQxNw&filename=&opi=96797242
4a3bfd001bab49b6b29c0438a085aceb	Casin8 Desktop - Texas Hold'em Poker	https://lh3.googleusercontent.com/aida/AOfcidWY_w_yqhPM2EsrGZ-lEf3AZo-wkP9h2zpR8zewIB8F8BP_RE78oCwLXVRm5joNBr46BZtKSxPM1KYsCG41EA9QsEJj5qzQgxAfTpQoXQSi-JoLL3SsyQaUU2sq0VxaD0pQQG25DYQWGBH4mWAf5IH2SBlkRrWx6PzMiA4sGkIhwHU6mFzFWMwb8WArRGtio9IS-nSRSnYlj5XxhMRd0wcS2baffxOVD3qTUgeRxzqLiuwHAxatP0KWXau2	https://contribution.usercontent.google.com/download?c=CgthaWRhX2NvZGVmeBJ8Eh1hcHBfY29tcGFuaW9uX2dlbmVyYXRlZF9maWxlcxpbCiVodG1sXzM4ZTQ4NWVlYWI3MDRkODliYWQyYTc5YjgxNjdlZjI0EgsSBxDYt9fm8hcYAZIBJAoKcHJvamVjdF9pZBIWQhQxMjU3NjkzMzI1MjI0OTgyNDQxNw&filename=&opi=96797242
118a6b0e713742b983f61b6c3d9e4b60	Casin8 Mobile - Slots Interface	https://lh3.googleusercontent.com/aida/AOfcidWPZj5yn59yWa5cuDJnD1_xCKQJrShBJX3nJlgUd15-EeDwtQD38d5VVTcosLF2OJGucVinozRPybEiDPwofbxl-ayB4DV-zJNisvpQPnfBnnZS99smOrdBbV6gRty2I3MUMdUZHUa4XUbQRXhMl46XydmGcja9nfoPFZeKn9xXPwYOr_fn7cG0EE7kTYxqxTZOGj1XSuUebIPuKFMW4LVFptmZBYV9xuil4JpcQq49GIBV90ZK8pQqSDe1	https://contribution.usercontent.google.com/download?c=CgthaWRhX2NvZGVmeBJ8Eh1hcHBfY29tcGFuaW9uX2dlbmVyYXRlZF9maWxlcxpbCiVodG1sXzdjYzc1ODhmMjI0NTQ3ZjViN2MyZTNjZDgwNjU4MDYxEgsSBxDYt9fm8hcYAZIBJAoKcHJvamVjdF9pZBIWQhQxMjU3NjkzMzI1MjI0OTgyNDQxNw&filename=&opi=96797242
0bc7bc5d8f364892a24829f3fb115f18	Casin8 Desktop - 5-Reel Slots Cabinet	https://lh3.googleusercontent.com/aida/AOfcidVncINX5sJjOeJ9eXlI_FPLMXH4_93o5TaIqz5qx3ydQiSKUyZpn4nytnW1vdlNP3SQ8GDRuKBY__izbyeLa2kfanzFelPGpgiSyJ1bvF48QsSdP7_wAO8YAQZV2c7404GgLcLSSPwa6hTmDPRCzsQEaWkzH4Er8w44A2HW0SNNUJVtatazN_d9bfUmbDVoPTpvt6v5lCLj8Bz5LTdrAU6qeqRzvhrczWkhumjfC590SIdRSLMx3XH9hC0	https://contribution.usercontent.google.com/download?c=CgthaWRhX2NvZGVmeBJ8Eh1hcHBfY29tcGFuaW9uX2dlbmVyYXRlZF9maWxlcxpbCiVodG1sX2JlYjNmOWVjOWM2MDQxODZiNDEzNmExMDkzNzc5YmVhEgsSBxDYt9fm8hcYAZIBJAoKcHJvamVjdF9pZBIWQhQxMjU3NjkzMzI1MjI0OTgyNDQxNw&filename=&opi=96797242
5523fd9f0ead475f82cddef43501a586	Casin8 Desktop - Blackjack Main Stage	https://lh3.googleusercontent.com/aida/AOfcidUVU8_SmmntDKq3hrCbwgFakpJzPZs-CMWZo_2Vmqvy-lvIMIyGNQxOyfFbIuN3kvamJC_9YvxyDyDmWBJlwHKwmExSq1fvZ2Cid2EBwlok58Txna5bJRVNRqpyEFj_PDtsICvwlQ_2skUJT2YrJFc0uwkxWBcBej9410zqxsBnJUoBS7wVhV0psYtaUkUq_aC6-5Edxiyf2dlMJXQ7Sze1Y-HQFzYFv9IRIL5gA95v2e5LeRzxAx_eYYKC	https://contribution.usercontent.google.com/download?c=CgthaWRhX2NvZGVmeBJ8Eh1hcHBfY29tcGFuaW9uX2dlbmVyYXRlZF9maWxlcxpbCiVodG1sXzg4MDMwMzE3MWU0YTRiMzRhMzk1ZTNkN2QzZmJkZjBlEgsSBxDYt9fm8hcYAZIBJAoKcHJvamVjdF9pZBIWQhQxMjU3NjkzMzI1MjI0OTgyNDQxNw&filename=&opi=96797242
f6deef5d98ee4c70bad1f03926c4c917	Casin8 Mobile - Texas Hold'em Poker	https://lh3.googleusercontent.com/aida/AOfcidVl0AiUgz-76wgLFA0_vBJ1t3EcfQCMyEoCZJyQnudwS2SQ605DGDy5Gt380BDg2_c8dQmvwLmebsTfGk4uq-5GCuhZzsGaWPNzApJcWsY1QROS2gbE53ls7n1A4FbUDAKFBds4kcwD-12nfqVhgW_GnI1sj1SDZWqG-xZyWETjagDqpqCeBg5z71KhO3F2Rgmz2npY-hToLH5pZXzQ-U9fPeYeydKCunQOk0afyKaazjZvj5PhWZYj69-k	https://contribution.usercontent.google.com/download?c=CgthaWRhX2NvZGVmeBJ8Eh1hcHBfY29tcGFuaW9uX2dlbmVyYXRlZF9maWxlcxpbCiVodG1sXzdkYTY1OTVmNGJiZjQzMmE4ODBiNmVmYTliMTM3MGYyEgsSBxDYt9fm8hcYAZIBJAoKcHJvamVjdF9pZBIWQhQxMjU3NjkzMzI1MjI0OTgyNDQxNw&filename=&opi=96797242
19ae287f3b3e45f2af5b446146258a0c	Casin8 UI Kit & Design System Guide	https://lh3.googleusercontent.com/aida/AOfcidWTQy15UI7R7T30yMihygPpuJnuZuo6A-YhKq_0mzS22K0_wUnkEptAUeV5uSbR0zPUEEab3HBTqnGOujW_gjS_wmUbK-q2iNYju2HUNlgzNHQ7PiYcEUW_QJcIP16enLu07_IpJeU_Bm9lcPinw9HCyjmltzH9mpHZPRPkd--m22vQXsh_638C6yli5p9iMlOeyr-FZhy2kWlTlfkJR2zNfqYKaL6z4VlQyFH4Ct-lmb25ZxdNAPoh81l1	https://contribution.usercontent.google.com/download?c=CgthaWRhX2NvZGVmeBJ8Eh1hcHBfY29tcGFuaW9uX2dlbmVyYXRlZF9maWxlcxpbCiVodG1sXzEwMzU5NDA3NTJjNjQxMjBhZDE3MjRjYjg4NGUxYzI1EgsSBxDYt9fm8hcYAZIBJAoKcHJvamVjdF9pZBIWQhQxMjU3NjkzMzI1MjI0OTgyNDQxNw&filename=&opi=96797242
2e08bb973a5f42b1af74e8942dfd15ef	Casin8 Desktop - Wallet & Ledger History	https://lh3.googleusercontent.com/aida/AOfcidU-j1D-9qlhUWMpviLoodtXOK4PUlLrvrpu7y3rkLLQ0AAoZu2DbAjMh_n51EAX6ryloPAVWbcr3_dDqiaQB8wmJ0Qu78YcHG2hX8JJBzkjoYI2sklh4xw976rfOf1iiXwraUs5RV-l8cY-KNHX90F_cc_LlT3wbLz0dATBAz7Ja2FYf2I7hE1uu4uEF73SF598tlPqZcVNkf9evQnQ5oGGabmwC1irDJpncCpIMFFQIn9r1HaXi4SY2Wmt	https://contribution.usercontent.google.com/download?c=CgthaWRhX2NvZGVmeBJ8Eh1hcHBfY29tcGFuaW9uX2dlbmVyYXRlZF9maWxlcxpbCiVodG1sXzQ0YmRmZjdiODVlNDRkZjZiZDVhMDIzZjFiYTgxNjIxEgsSBxDYt9fm8hcYAZIBJAoKcHJvamVjdF9pZBIWQhQxMjU3NjkzMzI1MjI0OTgyNDQxNw&filename=&opi=96797242
acb0d04678dd47c18159b1f65d3b399f	Casin8 Trust Center & Fairness Hub	https://lh3.googleusercontent.com/aida/AOfcidXwXY3MkG5TLeyw9CNoRIhirTeXO8LUSL4Zl58ySGjSqQTbO6k4zI7R-Ss9OV1cVwLyhRymFpn9Xps2_Tet_q5d6T9QaM_wAnxwcD0gJEhUoLgB0Lj_l9RC0Q-B0aXw-JSS1x2P7xLjKn6X6zfSeNL6dixg9hAHpc-r4gaCOGW79qaqgqEXIsyXD-WaH7hoWLZ0uScPezuJUEEaoVm7r5jg8Y16D5MvZtaaextQ92lcp77fk2VA52RXdd8	https://contribution.usercontent.google.com/download?c=CgthaWRhX2NvZGVmeBJ8Eh1hcHBfY29tcGFuaW9uX2dlbmVyYXRlZF9maWxlcxpbCiVodG1sX2ZiNzVkNGI1NzA4NzQ2MzQ5YmRkMTI2ZDM4ZDI0NjVkEgsSBxDYt9fm8hcYAZIBJAoKcHJvamVjdF9pZBIWQhQxMjU3NjkzMzI1MjI0OTgyNDQxNw&filename=&opi=96797242
a71dbfb10e2640d7ae856e935259ff8c	Casin8 - UI Kit & Design System	https://lh3.googleusercontent.com/aida/AOfcidWCnrO957UayOiPiOoAjSfocraZfUJXnrCuuhIbordQd7KYeguEGwLDWfYV55K63De_HSfhfOxplOwLXMG9USTvxJSq3GFMelzgGWkmHA0GcxJPK4eaHbktzP8SkqfqV89rDlzQkztAQiLjXn70AZMf07-jjx7czH1XcRFEVyd82seG1ZPnNxGHp5XxTXaYrp0qWp0S9pJ-BgyLMWgp2jSKaBVEMi9GrdM4415fPY5vtxTAM_XIl5i4HjrW	https://contribution.usercontent.google.com/download?c=CgthaWRhX2NvZGVmeBJ8Eh1hcHBfY29tcGFuaW9uX2dlbmVyYXRlZF9maWxlcxpbCiVodG1sX2Y0ODNhNmVjMzYwZDQwZDk4N2M4MDRiMWZmNjg2ZWQ0EgsSBxDYt9fm8hcYAZIBJAoKcHJvamVjdF9pZBIWQhQxMjU3NjkzMzI1MjI0OTgyNDQxNw&filename=&opi=96797242
