c625c70cebf54ee7a3e6ceace9e7ac60	Roulette Idle State	https://lh3.googleusercontent.com/aida/AOfcidWDqoJ6eRMB8wS0gU5ARGSEzx-MSKdMj9dvWEiyrGnI7y69bb2uKHfwaS88NocwHp3pb2eb9MSgk74WYnA3uiSLxmjWVdmc3mQ35QBeoDtIOTQdTTEN0Ynoc7wIdIwP14cxw9VjgTBFREUUy8xe4Iq1YYKLw1FxjiC-5iaruOLweEnawtdUok-AJ-Z9GYHcyx61qDBpFeSlRx-AFhbLEDAw1Rc4Vxe7bRcURmt7hpZNyZf0b-5Ukm401sg	https://contribution.usercontent.google.com/download?c=CgthaWRhX2NvZGVmeBJ8Eh1hcHBfY29tcGFuaW9uX2dlbmVyYXRlZF9maWxlcxpbCiVodG1sXzVhMWU4ZDA5NDdmMTQ2OWJiOGQzNTc1NGYwYWRkNTJlEgsSBxDYt9fm8hcYAZIBJAoKcHJvamVjdF9pZBIWQhQxNzcyMTMyMzU0MjUyNzIyNjM5NQ&filename=&opi=96797242
e6eb0b592d8240eca25656d09412fb2a	Roulette Service Alert	https://lh3.googleusercontent.com/aida/AOfcidU7MDyF2ALXZ4A2VDYVizTpTFWjr9LuNxF4dxyw2T_Tmwd8_YoSswW93KEVB8aeW-qtJY3e5roLFLtpTWks4A9oJE2wp9D3JD2g7NTDXoWhc4Xosm25Gv52288s-2DtV7b0ACFWd0y_klKhg3937WBA7MqzkSI1x56wFo2yJVxFQpm6Qe6BLA9WWHn1t3_63NXw0HXRQwtnQzsHNNMIE0z44J3ubPOaiBjVhg_JCDPZQUCyBb_uYSDJ2rnY	https://contribution.usercontent.google.com/download?c=CgthaWRhX2NvZGVmeBJ8Eh1hcHBfY29tcGFuaW9uX2dlbmVyYXRlZF9maWxlcxpbCiVodG1sXzU4MTA3MWIwMGQzNjQwMWRiMDA0NTA0MDU1ODMzZjM1EgsSBxDYt9fm8hcYAZIBJAoKcHJvamVjdF9pZBIWQhQxNzcyMTMyMzU0MjUyNzIyNjM5NQ&filename=&opi=96797242
3a15262afed54fa5a83e7b2b54d215da	Poker Lobby System States	https://lh3.googleusercontent.com/aida/AOfcidXVN-1vlN62zDx5EIFw-S5xIFYsrawgZwp6rbc7NCU2NjdwK0VqLlcKq2HVHRstYjFSlCyjB33hWrCRHYi_LcPmK3-cTq2h1mb_v19LoY_K0H7GIB5nQ3E6X8Sni6WolxElG8Dqy3dkxRqFN7kRMUCin8URNgMvIon9zO01w6bWSpuLqCjEyLHXDpj254usuPPliQC-Cz8tgvMISsjS2O3cT0bkExIHdLy60Cf_HsW68eSO-LbQMMZeuaNr	https://contribution.usercontent.google.com/download?c=CgthaWRhX2NvZGVmeBJ8Eh1hcHBfY29tcGFuaW9uX2dlbmVyYXRlZF9maWxlcxpbCiVodG1sX2U0MDVlM2VlMzk3ZDRmMTQ5MzQwOGE0MmJmMjRiNjMxEgsSBxDYt9fm8hcYAZIBJAoKcHJvamVjdF9pZBIWQhQxNzcyMTMyMzU0MjUyNzIyNjM5NQ&filename=&opi=96797242
c4b14f34b78142bab10f594ebf6e91f6	Cashier Transaction History	https://lh3.googleusercontent.com/aida/AOfcidXA5Uy03noP8sWl-21pNmJSDFgUCmg9yhCLhRbxyiJzmhjuYTrMaC9wZQGGpsfETBn4Wq2iT4BaQtuXACjkELu73hbETBELS-72FDFUsNUKAlkwZacPEs0dVV8f2-GWTzEc-occpq1YbzH-J5DJlELiBIlk1dzVKc-u1wD89kNwgaeH_s3IhqEsMSsVz4_Psqmr29s32w22gCGipa_p1irQRztihpZ98DfbfRqkVYlQkcD8gHm3H4bIrl4F	https://contribution.usercontent.google.com/download?c=CgthaWRhX2NvZGVmeBJ8Eh1hcHBfY29tcGFuaW9uX2dlbmVyYXRlZF9maWxlcxpbCiVodG1sXzFmYzM4NGQyM2RjYjRlODFiZjFmMTNkNWE0N2VlYTUzEgsSBxDYt9fm8hcYAZIBJAoKcHJvamVjdF9pZBIWQhQxNzcyMTMyMzU0MjUyNzIyNjM5NQ&filename=&opi=96797242
108f558035934d76aaa95a47047e9ff4	Poker Waiting State	https://lh3.googleusercontent.com/aida/AOfcidWD8yrxi2yiCLepKrB8TMdb8b0WYqk8_uqZVhA-8QzwTTVXv3RpYAzJMOnJrROrULFvUlL9YQDIPGmRlt6eGiQz-Ekx1p5-ol1IZI3slsOB76MEfCT0UIfcIzY75k4zDYogN9eeDI1FKdx1FDwMTgkt3Vui5g7JlAZgn-zUFA97-qZqkZkLWrsEZVbylYjeH53LqGubuED9L3LGJ7hy62lkcGRMpasy33b_bDQ-XmoEQNaCgW0VS3OLAqBk	https://contribution.usercontent.google.com/download?c=CgthaWRhX2NvZGVmeBJ8Eh1hcHBfY29tcGFuaW9uX2dlbmVyYXRlZF9maWxlcxpbCiVodG1sXzFlODU5MTBhNjg4NTRhNmZiYzUzN2I5YTk1NDYxMDMwEgsSBxDYt9fm8hcYAZIBJAoKcHJvamVjdF9pZBIWQhQxNzcyMTMyMzU0MjUyNzIyNjM5NQ&filename=&opi=96797242
9f6892806cd04228b1413bb7b12aa79c	Cashier Buy Tokens	https://lh3.googleusercontent.com/aida/AOfcidXpqa3OIxVF-dhSOP-MeGTo-6drR49CFz428s9Ll4_shOW9ZXiK8O2uyN3Kd9m8WL4WHS_87tXFpuaI3NNnwEgBi9DpxBOA_cmVj_9ZPXcZzg8ZZfITR9s8ecH5KFKtg8Qo7cxKjbE2ISqYBfAEv-Z9TDKs6m3z9sBewbEpdfx-heOtcLKp1BwYTZ0XYBXZA-I6eoItBYCFVsJxVVPLrOa2FKyHy_KdU03d9a443H8wi639G9vNxtawS4u1	https://contribution.usercontent.google.com/download?c=CgthaWRhX2NvZGVmeBJ8Eh1hcHBfY29tcGFuaW9uX2dlbmVyYXRlZF9maWxlcxpbCiVodG1sX2FhOWUyZjE1MTI4NTQ1YjQ4YTRkZTZhMWZkMWQ4Y2VhEgsSBxDYt9fm8hcYAZIBJAoKcHJvamVjdF9pZBIWQhQxNzcyMTMyMzU0MjUyNzIyNjM5NQ&filename=&opi=96797242
942de0c04d694b619752045b28e32240	Roulette Idle State	https://lh3.googleusercontent.com/aida/AOfcidWvEORRvhWJ5X_AU6XPd2ajyG2GYV0hDAi15lngMf9JiNZc6hHp3MA5g_wCC53w2N3uR2NjeXXWAZbgcit5NJOFji-1mnTafrB1WtjNHkOUl5SFBtpwPIeIdcKTeb2jdxl3-cvFQc7QD03ErX7kyZoV7TH54QeGhXO5Lqsw6EihPuoMStE8A7L6Z9a6dNEWAkgrk4kc4Fw_YDIprwGx__cMR5ZPlGB7HUlDQqji_6skEzHJgK59bClSi0Q	https://contribution.usercontent.google.com/download?c=CgthaWRhX2NvZGVmeBJ8Eh1hcHBfY29tcGFuaW9uX2dlbmVyYXRlZF9maWxlcxpbCiVodG1sXzRkMTI3NDBiZDEyZjQzMWRhMmQ4MjQzMDZlYjQ5NjFkEgsSBxDYt9fm8hcYAZIBJAoKcHJvamVjdF9pZBIWQhQxNzcyMTMyMzU0MjUyNzIyNjM5NQ&filename=&opi=96797242
83c21556298243079cce6647dff98147	Cashier Payment Confirmation	https://lh3.googleusercontent.com/aida/AOfcidVy7jAIMQcSoo2wib3-iBUEetowuOISi0T0pY-gBr0Lq8H9CWqWoLcrJnd5vtVDJx2f9g6ESQbAbB9fBCy8-VwXHlitG4U0YLYaqnJpboYOskBkDL1RIf7W3_8ypsNLgjrwgmNIAI2_lpE456yrgPLOoxNqmt3T9pVUBWBk-zdvyIbwj_2r0ZCC9mknneIM0ZtmQKhFhaX2o8hBT3dJlncHZ8NcW7U6Is-3bOlh5gVmw4r3z4cfWrMfeKzW	https://contribution.usercontent.google.com/download?c=CgthaWRhX2NvZGVmeBJ8Eh1hcHBfY29tcGFuaW9uX2dlbmVyYXRlZF9maWxlcxpbCiVodG1sX2VmZmEyYzYxNzNhYTQ2NTVhNDFhNmI3MWMxMzBkMWFmEgsSBxDYt9fm8hcYAZIBJAoKcHJvamVjdF9pZBIWQhQxNzcyMTMyMzU0MjUyNzIyNjM5NQ&filename=&opi=96797242
0e149a98e31145a4a0e42ab4237a4460	Roulette Idle State	https://lh3.googleusercontent.com/aida/AOfcidX-fBMCZTJckrLkrdNRT1Ftf_DscbuL2d9EplNtPj2sHyXzQy-gqGYwAt8cEWV_3IVET2Bh8gw2FHaTtyPtgEreGgzyzf-JkIjrWcBcDV_1l9vS2sWYFET96dgqiQxlDrjY4fA7jIrQ8o1Un_VWvudZ_bLJBQsfoAAv_yo4D_s74dV1P0BX0sXqEY1ZVOXpQ8P_5vwERjcRErvIuNBMiY7vdi5zpoV6V7tyRr3DLHFRLhyMn9epFLXCZm7F	https://contribution.usercontent.google.com/download?c=CgthaWRhX2NvZGVmeBJ8Eh1hcHBfY29tcGFuaW9uX2dlbmVyYXRlZF9maWxlcxpbCiVodG1sXzYyNzRlNmVlYTE3YTRiMjY4M2VhYjA5MWEzMzBmYzM4EgsSBxDYt9fm8hcYAZIBJAoKcHJvamVjdF9pZBIWQhQxNzcyMTMyMzU0MjUyNzIyNjM5NQ&filename=&opi=96797242
1c013638fe434d729679fe76b193b6df	Cashier Transaction Pending	https://lh3.googleusercontent.com/aida/AOfcidVzsHkhsadbt91SaGV4i1_sHfB25FOuAfYv-uCWw4ykB_l8rAe0X8e-GxxUEQk0Mf_8s7mkx2amLTjKDOv2p8xVT_NA43BurG9nWw-UT-85mYBabnZdS3q3KL2YTgTZuezYUwGSSeg6H7JgxxMTBNERyDP--RKAtNJa3k9vN4GbyJzDOA3gHRdrdwH9xv6-rxmMie4ydNP_ziRFW5nj-cwRPcLWhjzdybVyNMhVoIScF6w5AAzO1Nf0t5w	https://contribution.usercontent.google.com/download?c=CgthaWRhX2NvZGVmeBJ8Eh1hcHBfY29tcGFuaW9uX2dlbmVyYXRlZF9maWxlcxpbCiVodG1sXzMzZGNmOTZkYTZmNTQzNTc5YmE5YWIyNGU2OWFlYzE1EgsSBxDYt9fm8hcYAZIBJAoKcHJvamVjdF9pZBIWQhQxNzcyMTMyMzU0MjUyNzIyNjM5NQ&filename=&opi=96797242
b010b863978a4073986418493c7e687b	Roulette Spinning State	https://lh3.googleusercontent.com/aida/AOfcidWAe9CJI3MXiejZBj1FsGINnMP80jGqGgRYfendbE67vx4l4w5haX5jwqF0Xc62w07StXtDUj0mYVZ96t9kETC6oUz3ONkYa1TAuiwHKMEczOW68_mL9LjvSCFwmK3r3OwWw_pUGmQgZJZ042A3aUHZnU9nflaAlG0umRtPW6XM0UNmoRuFfwNBFvgo9Y5LV4slz9lO8jtT6fKzq7F4gQJDGwadHkgFF3cRtMNNhjSHzj6ehJ2NjJE2Fb7S	https://contribution.usercontent.google.com/download?c=CgthaWRhX2NvZGVmeBJ8Eh1hcHBfY29tcGFuaW9uX2dlbmVyYXRlZF9maWxlcxpbCiVodG1sX2M3NDUxMWQwNjAxZTRiYjU4ZWQ3OGRkNzgyMTNlZDkzEgsSBxDYt9fm8hcYAZIBJAoKcHJvamVjdF9pZBIWQhQxNzcyMTMyMzU0MjUyNzIyNjM5NQ&filename=&opi=96797242
2b6ed748b0f446b58514e3ee167592d1	Poker Hero Turn State	https://lh3.googleusercontent.com/aida/AOfcidWqdcbskU89jwDnEjZnbNzhgPY0Y0CXJVg6mIhShZQu5kE8cXwSVFZaHh90fHJJCYiRZ95ty8qYt5C_zzHvev7uk8urtWq856BGomjAC1EPG2xNPfy-nFXp6IHsVvWt6Qb5k0uEsnRIHlMYrk2GQ3BaIexjaNk1dWCLQktfmfY6JAJ_4jOJeaFZQTSOJAFQfxcHmIK3ANeTV6zTO9dsFtpFNQXc4l-Y0elWhS9N6BjsY8BU_cFBcCChbIiU	https://contribution.usercontent.google.com/download?c=CgthaWRhX2NvZGVmeBJ8Eh1hcHBfY29tcGFuaW9uX2dlbmVyYXRlZF9maWxlcxpbCiVodG1sXzVmOTA5NjhmNzk0NjQ3YzdiMjQ5YjBmMmFlZTcwYzkzEgsSBxDYt9fm8hcYAZIBJAoKcHJvamVjdF9pZBIWQhQxNzcyMTMyMzU0MjUyNzIyNjM5NQ&filename=&opi=96797242
bd9846e1120c463295bad7b860f48daa	Casin8 Ledger Filtered View	https://lh3.googleusercontent.com/aida/AOfcidV00l8MVgvnMIxv5_8fp-g3_0VRbY0YF1jsJa5On4u3bZ0TLBOlBXN7R-k5aE5eC_ntHJNeoF3jBI9uYu4VUetzdhOrGFjzIvelola0Sfnv1nKsDrrI9HBMHXisvqBl_oc7GafJTJnjGfY0DJLsdO7goGn7FqMN0opHF1s9Nv189gyNPgELrTjL824nhPPbBXmAB2Qo_tGOo2T-kB6hWxC0Ih8tmkizBSAYlx1QubOTVwKkY1awlZeqWsYd	https://contribution.usercontent.google.com/download?c=CgthaWRhX2NvZGVmeBJ8Eh1hcHBfY29tcGFuaW9uX2dlbmVyYXRlZF9maWxlcxpbCiVodG1sXzRjYjlmZTZhZDE0MTRiMzM4M2ZmMzVhMDU1YzFkYmQ1EgsSBxDYt9fm8hcYAZIBJAoKcHJvamVjdF9pZBIWQhQxNzcyMTMyMzU0MjUyNzIyNjM5NQ&filename=&opi=96797242
2accb78f318b47ec8d93e5a13caa0957	Poker All-in State	https://lh3.googleusercontent.com/aida/AOfcidVfu3-7Z0ikowXr9tTZBTcP2iMX8MpX9WBkR0SFjpWnp39qNSxwkjzaIjj-clLpGZS4H3vLpO42huuRRTFhvnzt9b35v0CITJEIOCcN-Q9rb_epns5vacYUKL9PH9FH1j7yTQlt8smcfJByQNRm7N0B3nps9O0R_DMJ2tPiBD5Tsh1hRWN06VI8gEP8fcU_lSBGIoU427INvYcY6ZSqzoTFfjvyL83mpZlx5Ewid9q-a-adAH1819ic5avT	https://contribution.usercontent.google.com/download?c=CgthaWRhX2NvZGVmeBJ8Eh1hcHBfY29tcGFuaW9uX2dlbmVyYXRlZF9maWxlcxpbCiVodG1sX2E0Y2Y0YTlmNmYxNjQ4MjNiZDNiMzAxYWQwYTU4NzZiEgsSBxDYt9fm8hcYAZIBJAoKcHJvamVjdF9pZBIWQhQxNzcyMTMyMzU0MjUyNzIyNjM5NQ&filename=&opi=96797242
59bbe41a002949dcbc641ce0be58bf16	Poker Connection Alert	https://lh3.googleusercontent.com/aida/AOfcidVUez6KpGNRhrWCzGLyomkAWS83EPY-yZxM2Amrcd9SWSHYX7CvNW5NDw1aZ0QOzaRqM7v1ILYpYB0J9EwevnJ2YwD_IJudGnVBAcFI-Mj8m2mY3NkUy2CkRkYGiMSDX4RJiEu9epXWpG8WRM9GHs_LAPwygLNIuvL0ZC0n7qqRBsNEAcIY0eTvpawbTo2EgTT45jrZROmKBzwiAZJss80rKtgGvlByiN_aEYwGfekWJvf3LuFW7qAGiAk	https://contribution.usercontent.google.com/download?c=CgthaWRhX2NvZGVmeBJ8Eh1hcHBfY29tcGFuaW9uX2dlbmVyYXRlZF9maWxlcxpbCiVodG1sXzc5MzhkNDY3OGU3NTQ5MTViNWRlYzdhZDFlMjhhODkxEgsSBxDYt9fm8hcYAZIBJAoKcHJvamVjdF9pZBIWQhQxNzcyMTMyMzU0MjUyNzIyNjM5NQ&filename=&opi=96797242
09f3fd2bc9f34e5a85cd19bc4d870320	Casin8 Wallet System States	https://lh3.googleusercontent.com/aida/AOfcidVNRVyWnKXEUBD0VHV8cclW4YXonweZguiTfQuSCetfnanrEt7VmsXrHF6jZ781-LqW2YaMFtg1PbYpmCsLY_c-i6s01sc0whvXk5TP2CsI4iYkVHvmFSqQj6MZlGc9XWiJYOEdUawfoLVibNKwpVTchCGU9etxj-19xLPRlUfJmcdUUVHEexF_Vu-De5wnQgGBo4EfAUPmiDYBwmLAnTDLn28VyDJBrWn03114jWLJwK4OjXnpg3nwArQ	https://contribution.usercontent.google.com/download?c=CgthaWRhX2NvZGVmeBJ8Eh1hcHBfY29tcGFuaW9uX2dlbmVyYXRlZF9maWxlcxpbCiVodG1sX2VmYzU2MmViMjYyOTQ2MjBiODQyMGViZWMzNzQ0YTg0EgsSBxDYt9fm8hcYAZIBJAoKcHJvamVjdF9pZBIWQhQxNzcyMTMyMzU0MjUyNzIyNjM5NQ&filename=&opi=96797242
09931920ab824733ad2e583f6a0c8d99	Progressive Poker Lobby Detail	https://lh3.googleusercontent.com/aida/AOfcidWETgRIjKkDb0SpZm0-9s2L5n_1tvA4r9QpslSocya9EwKylmTBhxa0NEilB3TmLZcawl1h44tCI7ti2qIuyf96dV_bmJ9Ag0I0ziWD_oJ5V4WjXh3QIiXnxOhzclWBOVvTGWPTlF6Vh8J9lvEX7Wj71a5Rwb6k_KTRqC4sAoxjvOEuQnHUfgBjdv4yxDU5Kkyoe4RwaBovJSmbwLS3lNlX8goh66spSDHGQ5iM0fI3Kl9YJVuAGvC3t7s	https://contribution.usercontent.google.com/download?c=CgthaWRhX2NvZGVmeBJ8Eh1hcHBfY29tcGFuaW9uX2dlbmVyYXRlZF9maWxlcxpbCiVodG1sXzBmYjUwNmRhYTcwNjQ3YWI4ZDA0Zjk1OGM1NmYyYmZkEgsSBxDYt9fm8hcYAZIBJAoKcHJvamVjdF9pZBIWQhQxNzcyMTMyMzU0MjUyNzIyNjM5NQ&filename=&opi=96797242
2e69ede9ed4d46d59d206b6a26bc71c0	Roulette Idle State	https://lh3.googleusercontent.com/aida/AOfcidXABZvzKM1jX-hwkbrPSF1VGaB-uW_hHpa1CugR1tjpFBL4YRJarr38hn8G6i1FTla8MpZz44x46KcWO8IRWrQ3Q8cjsTkE_Aa6pbeduNmgmXYITGyGaxdJuwZ-m3yJDEEepuYRbfSKul9pXHbUeXyvzH7XCRKYXxvyf1LYEDvfAAaf1HaqQ_a7cSyPjWBl6gnmxT1442nuoEur-sK5UH5Ts2n4i_qkrrOIw4kskpv3CN9dzdyeso2pC8yk	https://contribution.usercontent.google.com/download?c=CgthaWRhX2NvZGVmeBJ8Eh1hcHBfY29tcGFuaW9uX2dlbmVyYXRlZF9maWxlcxpbCiVodG1sX2ZkM2UyNjdiZWZkYzRmNGQ5NTQ0NjJiNTExNjFiNTE0EgsSBxDYt9fm8hcYAZIBJAoKcHJvamVjdF9pZBIWQhQxNzcyMTMyMzU0MjUyNzIyNjM5NQ&filename=&opi=96797242
9acdf5fb1ace4520958b7a1f9b32a199	Roulette Idle State	https://lh3.googleusercontent.com/aida/AOfcidVTjSRWe0O7o738_z5xLTQoCH7rXmSC15BfXAOM3qM-viOJpaMB2qDGkreGU-sJmKiF_lR68cF6Eo0pGULQow_7730QmX9O9rRamRqn6Y6eFEpzmED2AbxhjlcSH80o5yDKOsx1EBUMTXTJMuaLBJtaheGnEzAyiZ8bslCuVkDSF_rj2_ud2gTu-xjvSfqm1HMxr4WyoJ7h7cMk--ovACmNidBlHguxrnN81oS8UUQMUhCkXUGRzWVKCC4	https://contribution.usercontent.google.com/download?c=CgthaWRhX2NvZGVmeBJ8Eh1hcHBfY29tcGFuaW9uX2dlbmVyYXRlZF9maWxlcxpbCiVodG1sXzc2NDMwMWFkYWJjMTRhMmViOGNjNzM2MWI0YjEyZTI4EgsSBxDYt9fm8hcYAZIBJAoKcHJvamVjdF9pZBIWQhQxNzcyMTMyMzU0MjUyNzIyNjM5NQ&filename=&opi=96797242
17ce0e07a4fc4e58ab07a9db8644fad1	Casin8 Wallet Balance Summary	https://lh3.googleusercontent.com/aida/AOfcidXC8HWRzxE7F7Lg_2AE-5dkdufVxe6gp4Qojv260pjNCe-OrsiCjq0dHgSbQJD4kiDT5oV56ggpBrQmVkfnebYKh6wkWndPIQnr3E0dMBOYRXIjHJnwKIpi9NADxqVmLrUy_yO3GC2VWx8bmbSFc-8MQpIwQ_Unse4qHY7yAAh82sYMY2fCmx3dGeuXTjJGd1ba9M5YWoxrgKFc3EgdJSlwZ9cwptpwa2YftB1sA9200quy32I4myYZ3d8	https://contribution.usercontent.google.com/download?c=CgthaWRhX2NvZGVmeBJ8Eh1hcHBfY29tcGFuaW9uX2dlbmVyYXRlZF9maWxlcxpbCiVodG1sXzFmNTdmNTczOWRhYTQzOGQ4ZDUzNWRjNzNlOWI2MzA4EgsSBxDYt9fm8hcYAZIBJAoKcHJvamVjdF9pZBIWQhQxNzcyMTMyMzU0MjUyNzIyNjM5NQ&filename=&opi=96797242
b5b239d481a44833a3821a7640f84f0b	Roulette Placing Bets	https://lh3.googleusercontent.com/aida/AOfcidVliyPLRV-o-IeV6afILJ93M2n9y0NL4ueGsqXqMaXovXX_K6vnEa6NjYg4KgqcDjbSgaUd8keTSaZdACKlKVK5Gd_X_Z_MnaPr1uVM-PjRJa0-B9k0ewIw_9tsY8qu3qidJrv7-MMwQplJmV35aMCUme-fAmxoNrkbhIKvlyQFzmJOMRPrKUsFoW4_pMCK0_E3XeCoPxcs-t1Y0jvJDOsundIMnzDXO0NYG1OC3vQtO_vsFTAP09F2l5k	https://contribution.usercontent.google.com/download?c=CgthaWRhX2NvZGVmeBJ8Eh1hcHBfY29tcGFuaW9uX2dlbmVyYXRlZF9maWxlcxpbCiVodG1sXzAwYzVlNDM5OWI4YjRmZGM5MWI1Zjk5NzQ2YWY0MWExEgsSBxDYt9fm8hcYAZIBJAoKcHJvamVjdF9pZBIWQhQxNzcyMTMyMzU0MjUyNzIyNjM5NQ&filename=&opi=96797242
994153cb41314e9da87a9cf500ad54db	Poker Tournament Lobby All View	https://lh3.googleusercontent.com/aida/AOfcidV2njvYLVh0wtdlhCP-Yh79pdUUWSRFU-IGvuir2GMCW8UMmig2zb-YKWCFw8xKveHKMqMMINdaAropj2tPtRdfxBVAMq7RtRMTqzs6RlcPovyzRc7psSuBiqqtlfvc60S_dYib7Wmdeg5xE8hx1VVDExKMxjoCEXode9brNmcjAyB0b5uyURfjJC8sl_cZzG6LaVuCsX2uIJF0HvLVTzGaCVxhZFnsuYp39NNGv4BeBTIsOmAZkoMhuoib	https://contribution.usercontent.google.com/download?c=CgthaWRhX2NvZGVmeBJ8Eh1hcHBfY29tcGFuaW9uX2dlbmVyYXRlZF9maWxlcxpbCiVodG1sX2ZkMjc2ZTBlYzc2MzRmMDM4ODBkODZkNzJkOTAyZTVhEgsSBxDYt9fm8hcYAZIBJAoKcHJvamVjdF9pZBIWQhQxNzcyMTMyMzU0MjUyNzIyNjM5NQ&filename=&opi=96797242
283b1eaafd3b468d97baa737589e6d48	Roulette Payout Result	https://lh3.googleusercontent.com/aida/AOfcidXxk9jLkUg6gkJEeDyC3fhr_NULT6r6mHntA_ciTaG1Ovabdxm_Bz3gznuZ3m2DupptIW1RWtOMsJzmAIqS5EAZMkW4V1X7E0Fx9PqTD8AMbnq24ASquEU8UefGVYGUeyknInHgR6SCSpO5qc6UPKUw2YCnMhZHRwX5lALEcXeoJQUZgCSygTg3ug_WvYmXwPuo-dmrmI13YrsqI9ftrLh5I9vbrxasFkZPMKzL0INxcjXj5sujqaZK3oWV	https://contribution.usercontent.google.com/download?c=CgthaWRhX2NvZGVmeBJ8Eh1hcHBfY29tcGFuaW9uX2dlbmVyYXRlZF9maWxlcxpbCiVodG1sX2M1NGI1NGRjNDM0YjQ2ZDBhZDUzNzhhMTUwOTZkMDBjEgsSBxDYt9fm8hcYAZIBJAoKcHJvamVjdF9pZBIWQhQxNzcyMTMyMzU0MjUyNzIyNjM5NQ&filename=&opi=96797242
