4a3bfd001bab49b6b29c0438a085aceb	Casin8 Desktop - Texas Hold'em Poker	https://lh3.googleusercontent.com/aida/AOfcidWY_w_yqhPM2EsrGZ-lEf3AZo-wkP9h2zpR8zewIB8F8BP_RE78oCwLXVRm5joNBr46BZtKSxPM1KYsCG41EA9QsEJj5qzQgxAfTpQoXQSi-JoLL3SsyQaUU2sq0VxaD0pQQG25DYQWGBH4mWAf5IH2SBlkRrWx6PzMiA4sGkIhwHU6mFzFWMwb8WArRGtio9IS-nSRSnYlj5XxhMRd0wcS2baffxOVD3qTUgeRxzqLiuwHAxatP0KWXau2	https://contribution.usercontent.google.com/download?c=CgthaWRhX2NvZGVmeBJ8Eh1hcHBfY29tcGFuaW9uX2dlbmVyYXRlZF9maWxlcxpbCiVodG1sXzM4ZTQ4NWVlYWI3MDRkODliYWQyYTc5YjgxNjdlZjI0EgsSBxDYt9fm8hcYAZIBJAoKcHJvamVjdF9pZBIWQhQxMjU3NjkzMzI1MjI0OTgyNDQxNw&filename=&opi=96797242
19ae287f3b3e45f2af5b446146258a0c	Casin8 UI Kit & Design System Guide	https://lh3.googleusercontent.com/aida/AOfcidWTQy15UI7R7T30yMihygPpuJnuZuo6A-YhKq_0mzS22K0_wUnkEptAUeV5uSbR0zPUEEab3HBTqnGOujW_gjS_wmUbK-q2iNYju2HUNlgzNHQ7PiYcEUW_QJcIP16enLu07_IpJeU_Bm9lcPinw9HCyjmltzH9mpHZPRPkd--m22vQXsh_638C6yli5p9iMlOeyr-FZhy2kWlTlfkJR2zNfqYKaL6z4VlQyFH4Ct-lmb25ZxdNAPoh81l1	https://contribution.usercontent.google.com/download?c=CgthaWRhX2NvZGVmeBJ8Eh1hcHBfY29tcGFuaW9uX2dlbmVyYXRlZF9maWxlcxpbCiVodG1sXzEwMzU5NDA3NTJjNjQxMjBhZDE3MjRjYjg4NGUxYzI1EgsSBxDYt9fm8hcYAZIBJAoKcHJvamVjdF9pZBIWQhQxMjU3NjkzMzI1MjI0OTgyNDQxNw&filename=&opi=96797242
e84383eb3bac4536be2acf3988481672	Casin8 Mobile - 3-Reel Mega Win State	https://lh3.googleusercontent.com/aida/AOfcidUZqqbsIpmyhs72U3i-Jw-7N3t9japcEOmWH9_LX7HWwNxuhzgHQrrMu70bp13NKqXDaSP87Mo3CDvVOZayfOgIKJuD1NM3ExHyQz0PVP2iPaIN1RFFSUpvNs_kf7031a5-UwFwxJ5o0HR8RCZWydz1mlD4CBZW44Xw-VViYUvCIRXkZhiIpbYmtCnjHVYuOfBOPadUbmswul80HCuYY4pKmMIDDm2AXQYAzXK_ZuIm_zSkqAsXZHYTfpqz	https://contribution.usercontent.google.com/download?c=CgthaWRhX2NvZGVmeBJ8Eh1hcHBfY29tcGFuaW9uX2dlbmVyYXRlZF9maWxlcxpbCiVodG1sX2U3MjQwYmY4NzJkOTRjMDBiNGE2NTcwMzE5OTIyNzcxEgsSBxDYt9fm8hcYAZIBJAoKcHJvamVjdF9pZBIWQhQxMjU3NjkzMzI1MjI0OTgyNDQxNw&filename=&opi=96797242
3b44aaa4c48d4520a524807d59343d3f	Casin8 Flagship - Roulette Command Center	https://lh3.googleusercontent.com/aida/AOfcidUCuLYqQ7EHfiYDjP7lUcAWbxMXbSYIiY3G5mCTH1aEd5x0wHjXivXGfVSdf6G26Od4RQ4r2Aj2hLKoT-jIzZAplME61_wOCFF5XesbEnFS-RoxlNs6L6TKVNSrjvcCnwPMScxn4KVZ46CJMcvwXLAAi6Wtqt_0CMY0ih3zY-4P85XQTS4qVFyJhKvB2LLmzzQZn_6B51I3Ft8ZjxTAbv5COjKrWZyAc_cUpibgIhxvWikctTQbA2IM0ds	https://contribution.usercontent.google.com/download?c=CgthaWRhX2NvZGVmeBJ8Eh1hcHBfY29tcGFuaW9uX2dlbmVyYXRlZF9maWxlcxpbCiVodG1sXzdjMjIyZWQ5YWQwNjQ4MzBhZDg1YzdkZmI4MWQ4YzdiEgsSBxDYt9fm8hcYAZIBJAoKcHJvamVjdF9pZBIWQhQxMjU3NjkzMzI1MjI0OTgyNDQxNw&filename=&opi=96797242
1dd48da52e374b90b94b4febf9b95e1e	Casin8 Mobile Roulette - Payout	https://lh3.googleusercontent.com/aida/AOfcidUdbrgJ1YGDIzHRUxaAJFO0tGfDjUjfVXutewcYUZiQP0boeUZyeGzBgGutmSshIXWebvKrq-IUwpECGGoiGkLiOmYVIl1VMzH8K4Nfg6O8ervvn1L06ZaPyFTQ43M5oMk3LjFN56s4sAYBj6hrd27XKovgOxm4O4aFDnmNM0Pl3-CYQyFcE4jqEqq83pFaD4TK09KPpofIDPy4cFd26CA-4U9_LOw_Ms_Ds3ffVb9yvrDeViMoewFsc6uD	https://contribution.usercontent.google.com/download?c=CgthaWRhX2NvZGVmeBJ8Eh1hcHBfY29tcGFuaW9uX2dlbmVyYXRlZF9maWxlcxpbCiVodG1sX2Y0ZDBkYTcyYWM2ZDQ4Nzc4MmQ1MzUzMzNiZjU0OTQzEgsSBxDYt9fm8hcYAZIBJAoKcHJvamVjdF9pZBIWQhQxMjU3NjkzMzI1MjI0OTgyNDQxNw&filename=&opi=96797242
a1ccf17b8fbc454d8e16dffd0ce966a9	Casin8 Mobile Roulette - Error State	https://lh3.googleusercontent.com/aida/AOfcidWTa5QHrQn50c89bdeMVC_qQBAAgUI4opgWE5zcFVChl9oLctwiODU39usnpWLWdjz9NyWJ-AeK5haackt1nV5puZrNzQTAHZdgrzsmJaXf-HMDvioB_rzd8HaNMEBe-Aha_PRhrfJo04LSTBO7kqNYD2PBYYnFPMf_HV0SdeSlLy5Z6cXc1r7ukA2B8VZ1C-h9EeWRSOpLQ2Dv8nI8PvfgXWKyRLgxvX6rEtaaTL7Aq4TIr4MPbhuKmMQ4	https://contribution.usercontent.google.com/download?c=CgthaWRhX2NvZGVmeBJ8Eh1hcHBfY29tcGFuaW9uX2dlbmVyYXRlZF9maWxlcxpbCiVodG1sX2E4NWJkMzEzYWM3YjRjMWI5MDFlZGNiM2M0YTRjYjc4EgsSBxDYt9fm8hcYAZIBJAoKcHJvamVjdF9pZBIWQhQxMjU3NjkzMzI1MjI0OTgyNDQxNw&filename=&opi=96797242
a71dbfb10e2640d7ae856e935259ff8c	Casin8 - UI Kit & Design System	https://lh3.googleusercontent.com/aida/AOfcidWCnrO957UayOiPiOoAjSfocraZfUJXnrCuuhIbordQd7KYeguEGwLDWfYV55K63De_HSfhfOxplOwLXMG9USTvxJSq3GFMelzgGWkmHA0GcxJPK4eaHbktzP8SkqfqV89rDlzQkztAQiLjXn70AZMf07-jjx7czH1XcRFEVyd82seG1ZPnNxGHp5XxTXaYrp0qWp0S9pJ-BgyLMWgp2jSKaBVEMi9GrdM4415fPY5vtxTAM_XIl5i4HjrW	https://contribution.usercontent.google.com/download?c=CgthaWRhX2NvZGVmeBJ8Eh1hcHBfY29tcGFuaW9uX2dlbmVyYXRlZF9maWxlcxpbCiVodG1sX2Y0ODNhNmVjMzYwZDQwZDk4N2M4MDRiMWZmNjg2ZWQ0EgsSBxDYt9fm8hcYAZIBJAoKcHJvamVjdF9pZBIWQhQxMjU3NjkzMzI1MjI0OTgyNDQxNw&filename=&opi=96797242
0bc7bc5d8f364892a24829f3fb115f18	Casin8 Desktop - 5-Reel Slots Cabinet	https://lh3.googleusercontent.com/aida/AOfcidVncINX5sJjOeJ9eXlI_FPLMXH4_93o5TaIqz5qx3ydQiSKUyZpn4nytnW1vdlNP3SQ8GDRuKBY__izbyeLa2kfanzFelPGpgiSyJ1bvF48QsSdP7_wAO8YAQZV2c7404GgLcLSSPwa6hTmDPRCzsQEaWkzH4Er8w44A2HW0SNNUJVtatazN_d9bfUmbDVoPTpvt6v5lCLj8Bz5LTdrAU6qeqRzvhrczWkhumjfC590SIdRSLMx3XH9hC0	https://contribution.usercontent.google.com/download?c=CgthaWRhX2NvZGVmeBJ8Eh1hcHBfY29tcGFuaW9uX2dlbmVyYXRlZF9maWxlcxpbCiVodG1sX2JlYjNmOWVjOWM2MDQxODZiNDEzNmExMDkzNzc5YmVhEgsSBxDYt9fm8hcYAZIBJAoKcHJvamVjdF9pZBIWQhQxMjU3NjkzMzI1MjI0OTgyNDQxNw&filename=&opi=96797242
46bc33dca7b544aa8762de7769f8c853	Casin8 Mobile Roulette - Spinning	https://lh3.googleusercontent.com/aida/AOfcidVEPnRNxMwIqFIMRkguP3XtjuuYHqVKnaykk6RiC7J7fb8-i_eph1fQmrdzwjc-TxtWtu0PiQTO31P72ctZrRiqRXWzl4u0nJx4PS88Xc12Aar8QNDKqk1iFfx0jZVaxzsRMRNhwabn78_M-nB4YCKzjbppGIHPVgU_sI3a-TibjueOcG9xYIbgM3yWCxmSYIPj1V9ueWhri5SxHFaqOSxfJqW6Bkct6KrNGPLYVeePzXLzzpms1QkUDstM	https://contribution.usercontent.google.com/download?c=CgthaWRhX2NvZGVmeBJ8Eh1hcHBfY29tcGFuaW9uX2dlbmVyYXRlZF9maWxlcxpbCiVodG1sX2FlY2ZhZWU5NTkxMzRiNjNhZmU4NDVkZTBhZGNlNWVjEgsSBxDYt9fm8hcYAZIBJAoKcHJvamVjdF9pZBIWQhQxMjU3NjkzMzI1MjI0OTgyNDQxNw&filename=&opi=96797242
1e5a906b03af4d328af06836bbbfd96f	Casin8 UI Kit & Component Library	https://lh3.googleusercontent.com/aida/AOfcidVgEiPzpYnzKPLqo5fpNtoGFs_cpiR_BSm7U0Ka4PXMAQRGaz60Dr5i2BENoBUowHjB8u5RqH47kViFk1Hd-ltcW6RGd1sDcqt_bv_2Y43gqY7Lwwy3R4QhN4AI0qS45dPq0iZEIryW0jWwegBGf5QmQslL8ufMuHpZu8iuEYiW91w-A9scpQBI9vzlUF0o6VQrl4N3gFR_P0pgHxnfi8h5Dfng3b_RDJehiGUJ4O1c43HQqIfIrHdrHTT4	https://contribution.usercontent.google.com/download?c=CgthaWRhX2NvZGVmeBJ8Eh1hcHBfY29tcGFuaW9uX2dlbmVyYXRlZF9maWxlcxpbCiVodG1sXzc1NGQ3MTJkZTVhMTRlMjc4ZDJhOTIwOGY5ZDVlN2UxEgsSBxDYt9fm8hcYAZIBJAoKcHJvamVjdF9pZBIWQhQxMjU3NjkzMzI1MjI0OTgyNDQxNw&filename=&opi=96797242
78aeaa9d43bb49c08e177ae9350c1599	Casin8 Desktop - Roulette Platform	https://lh3.googleusercontent.com/aida/AOfcidVnSbSqC274EL7SG2K4UoHlpg6hDXAJPrGORiuvBlv_ExwnYdUvZIicaMYwp-AK-YJ8aIrhHgHIulv8C2uycA9IE5RuwuHtm_kpzPxeLHPMHC2RTyqSybccz9DfSwFAQRcLzHWGl9jiBTu_U7t2oSUo1T8FYenQrCNS6N_vrqO8nSBXufRDe04zJbMQTfE1Z3MU9m6FMDbXpJA4uVxYlzY6hvxGCpNcJZh4roD_8ZdNArBYtKvHFP9MA2KO	https://contribution.usercontent.google.com/download?c=CgthaWRhX2NvZGVmeBJ8Eh1hcHBfY29tcGFuaW9uX2dlbmVyYXRlZF9maWxlcxpbCiVodG1sXzgzNDY0OWJiNGY5ODQ1Njg4ZGJhNWNiN2Q1MTVkNDU4EgsSBxDYt9fm8hcYAZIBJAoKcHJvamVjdF9pZBIWQhQxMjU3NjkzMzI1MjI0OTgyNDQxNw&filename=&opi=96797242
162d2fbd0dc84b12bad45c9e38b7a431	Casin8 Desktop Roulette - Idle State	https://lh3.googleusercontent.com/aida/AOfcidXsaIl5Ru3ydnbEV4HCG9AQz8xocezyvXQ86jlPriw3Xxtn9SIwlgbG2LFuqtwiTmnsDtxKLiTqpX0z3ihwEUzM0Ru4Be195flLVQKo-Drk5cMG9ongafTcFWQO1U0TEL6FSG-kujZKiaQlSrYqoxuiFag1C-iYmWdU5Uxxc_4rcBYyljJy0i2Jx1N1DBs4uS9r5TBsoVety0nohtm2eYEKJOgSWn4jFRiwmgAxk8TURG50lh1YDxMzLAXX	https://contribution.usercontent.google.com/download?c=CgthaWRhX2NvZGVmeBJ8Eh1hcHBfY29tcGFuaW9uX2dlbmVyYXRlZF9maWxlcxpbCiVodG1sX2NkM2RjZjFmZWE2NTQwOGRiZDU2NGU4ZWI2YTA0ZDA0EgsSBxDYt9fm8hcYAZIBJAoKcHJvamVjdF9pZBIWQhQxMjU3NjkzMzI1MjI0OTgyNDQxNw&filename=&opi=89354086
134bebf5f057433391addec4133ecd0e	Casin8 Mobile Roulette - Idle	https://lh3.googleusercontent.com/aida/AOfcidXFf3u7MCX6QOvQnEJ8g8sF1kbwT3h3iF0gDpNmdntLSY-yGerdafF76XWDWUAjCvlBcg9YbyWcgmp8jynv5uJTxPZWfN90kcDCVJ73GMTqpwSasp_N0J9tgBja1YDiTauRLdL4GErmWtXhRYG4ztkhVdTn6NOM_phRkPGslk4bMrR0dOK5WW9hMqW6A_EB3qBNIIvnjIFcYcL59uBJIsiIwC5jXas858AU6B2CY1r8yzacxuUMsBTgzBQ	https://contribution.usercontent.google.com/download?c=CgthaWRhX2NvZGVmeBJ8Eh1hcHBfY29tcGFuaW9uX2dlbmVyYXRlZF9maWxlcxpbCiVodG1sXzYzNjdhNzRhYzAwOTQ4MmJiZTQ2NTQ5ZGM2MjRhMzg0EgsSBxDYt9fm8hcYAZIBJAoKcHJvamVjdF9pZBIWQhQxMjU3NjkzMzI1MjI0OTgyNDQxNw&filename=&opi=96797242
5196ecd55f824a47b0fd8d6f1975be89	Casin8 Flagship - Roulette Command Center	https://lh3.googleusercontent.com/aida/AOfcidW99HaJl7W-Pbxdt-XzHkMx_LDvZ4O5y87V3wbThQNXzsvJLBjPqD91rJCGzlcW5tEMyx9_iwN-GMbNCe-IL6VtjfmpCq4qq_-z7ijX0lIDzp79xSwVx4xQMZ14WM_gYYBNU60MHX1tBgrb9CUhqZWHKu1aF-B5i7e6cG6ZCOi-M7uUv_vnFZlFdfzMTmNlTQDcbB2YnfRj7XpndMzAMQbbOevDjVqOex0JBdfaLQVvwvlmWorf_iAkZ9U9	https://contribution.usercontent.google.com/download?c=CgthaWRhX2NvZGVmeBJ8Eh1hcHBfY29tcGFuaW9uX2dlbmVyYXRlZF9maWxlcxpbCiVodG1sXzU4ZTY5Mjg2MzA5OTQ3YzU5MjBhYWU0ZTEzODUxYjFhEgsSBxDYt9fm8hcYAZIBJAoKcHJvamVjdF9pZBIWQhQxMjU3NjkzMzI1MjI0OTgyNDQxNw&filename=&opi=96797242
f611dc6e726840f3b5ded5849206f2be	Casin8 Mobile - Roulette Interface	https://lh3.googleusercontent.com/aida/AOfcidUo2zXn6d8XLc4mxYM0l1aGQ98Na731MC6YghCgzA3DlPx3URlYPEGtC4A5nJSL0cynVVgv58w2sg35J2yEltfkFZonLI74AoggUaGUJuadJLNKPW0IPRKl9K68VMRZFJuAgw8c6-YRkvmt_OZ53P9WXl5611yk-h3-XPd0_zWpsY6KnNuPANEPh92W6jQoHO5DIvg4zGFHugJJlFae0kbeo-dliXCSa3NMWL6fyLlqewbXm3V-9OgNIABc	https://contribution.usercontent.google.com/download?c=CgthaWRhX2NvZGVmeBJ8Eh1hcHBfY29tcGFuaW9uX2dlbmVyYXRlZF9maWxlcxpbCiVodG1sXzMyMTA4YTA3YTY4NTQwYmRiZWQ4MzMwODFhMTkyODM4EgsSBxDYt9fm8hcYAZIBJAoKcHJvamVjdF9pZBIWQhQxMjU3NjkzMzI1MjI0OTgyNDQxNw&filename=&opi=96797242
ec0e06b773ad4526927dbbe3ef0f8800	Casin8 Desktop - Roulette Template	https://lh3.googleusercontent.com/aida/AOfcidXLwteCgvpTb8wbhdBxK07nXXHCukJ-96OhqOoc-bOzGTOvEdFBTKKIW0rg8hJQFNtnXYzxTqstxy1vJbL2UiwEmKT8tvni2guT0P5c8HwC3JlQGCRrf5aYgVgnvZR6TbKWNIkIRleEO4ZTYbOHQhNA-J0uqT7SH5M8FycKpnA64ZPq4nb9vZG8WjBQ6xeoAlqvvSN95wDj-zrcjD3ArJpQGFlp5ZpApegiuAdv_vVej2V61o_Wtf491mc	https://contribution.usercontent.google.com/download?c=CgthaWRhX2NvZGVmeBJ8Eh1hcHBfY29tcGFuaW9uX2dlbmVyYXRlZF9maWxlcxpbCiVodG1sXzZjYTc3Mzc0NGRjYjQ4ZmU5ODg0MDkwOTNhY2FmOWY4EgsSBxDYt9fm8hcYAZIBJAoKcHJvamVjdF9pZBIWQhQxMjU3NjkzMzI1MjI0OTgyNDQxNw&filename=&opi=96797242
acb0d04678dd47c18159b1f65d3b399f	Casin8 Trust Center & Fairness Hub	https://lh3.googleusercontent.com/aida/AOfcidXwXY3MkG5TLeyw9CNoRIhirTeXO8LUSL4Zl58ySGjSqQTbO6k4zI7R-Ss9OV1cVwLyhRymFpn9Xps2_Tet_q5d6T9QaM_wAnxwcD0gJEhUoLgB0Lj_l9RC0Q-B0aXw-JSS1x2P7xLjKn6X6zfSeNL6dixg9hAHpc-r4gaCOGW79qaqgqEXIsyXD-WaH7hoWLZ0uScPezuJUEEaoVm7r5jg8Y16D5MvZtaaextQ92lcp77fk2VA52RXdd8	https://contribution.usercontent.google.com/download?c=CgthaWRhX2NvZGVmeBJ8Eh1hcHBfY29tcGFuaW9uX2dlbmVyYXRlZF9maWxlcxpbCiVodG1sX2ZiNzVkNGI1NzA4NzQ2MzQ5YmRkMTI2ZDM4ZDI0NjVkEgsSBxDYt9fm8hcYAZIBJAoKcHJvamVjdF9pZBIWQhQxMjU3NjkzMzI1MjI0OTgyNDQxNw&filename=&opi=96797242
0bdd73741dc1483db16e04bfdf370a35	Casin8 Mobile - Blackjack Interface	https://lh3.googleusercontent.com/aida/AOfcidX3pMRrytYF05X4RDp3j_XL_G_r-hau9DYXmFT_ePcvx9mWgVkZXUc_aWmaPAALjZC_j3Dgir3ZSv98m2gtMj9d5jqVkQHweichpnHETvJzo_Gj1qEszgEQP9P8pQ1wmXxOHZdNH_PNDoNr06Qw81MFbbzgToHhZ3OhZb-WULUpRpCux1-IiRXLBjdL71D79oV_iVIPkj8OF5VKM98pnlpr13qbUz_BEPT6ejw-n99zNyD-NbjO6254ZBrm	https://contribution.usercontent.google.com/download?c=CgthaWRhX2NvZGVmeBJ8Eh1hcHBfY29tcGFuaW9uX2dlbmVyYXRlZF9maWxlcxpbCiVodG1sX2JmM2ExYzZmMGQwMDQ0ZDZiYmJkZTI2ZmM0ZTRkNDVkEgsSBxDYt9fm8hcYAZIBJAoKcHJvamVjdF9pZBIWQhQxMjU3NjkzMzI1MjI0OTgyNDQxNw&filename=&opi=96797242
99d4ccb7f85942aea905a0bfa6bed80c	Casin8 Desktop - Slots Interface	https://lh3.googleusercontent.com/aida/AOfcidVKlJv_pdAODKz7W5Y7F4HjEYgQM80MK1kJKEqR3l4wUcyrNoTebRvCtNPGoORO9DQ6Pxxvn8x8CK6-wn3kOjzJY6ypdXPeD9uf5X6LdTqpXMAoVXRjostHfxYu8z0QEY3ZLoJqaA2JGYK65G_8gs-CLp6ofeqMRY2BHiNA1zQPId4xY83htwFOU_wMcaJcHBo7nanbFqKTImdD7hMUQb7egsGQ0IcoWVcp9Ns7uCNomeEl_CkQ70fgn1MR	https://contribution.usercontent.google.com/download?c=CgthaWRhX2NvZGVmeBJ8Eh1hcHBfY29tcGFuaW9uX2dlbmVyYXRlZF9maWxlcxpbCiVodG1sXzFlMWY4NjdhMTY4MDQ2YTg5YTk1MGU2ZDE4NjhiM2VhEgsSBxDYt9fm8hcYAZIBJAoKcHJvamVjdF9pZBIWQhQxMjU3NjkzMzI1MjI0OTgyNDQxNw&filename=&opi=96797242
48c65f77e5b14f11969a9c0ad66da023	Casin8 Desktop Roulette - Spinning State	https://lh3.googleusercontent.com/aida/AOfcidVwY24IXLqR-vGv-6eFbzpoZRrJgQVFvHrkiL-7PIzP0zC6dgVV0fOW3hw81hpi9bf66RG3WKC1H_MwfIk5Th8N_QEmPYBuGvG36OCdAI44_oYu96vee10__SiuR1IAoDS0aWso_DVK-k5kwCeKyjw0NU8GisC64VqgtNhrXNIUHOIiwKR33KD1QlZ7cAIjwwvqdrA_5SUNXihmr7E5ktnT8LMfbiTwzIUs2sKL94BbdfiNA9vQnLh7PEZ4	https://contribution.usercontent.google.com/download?c=CgthaWRhX2NvZGVmeBJ8Eh1hcHBfY29tcGFuaW9uX2dlbmVyYXRlZF9maWxlcxpbCiVodG1sXzU0ZDVjODFjMDFkZjQ4OTQ4NGFiODdlZmFlM2Y2MmZlEgsSBxDYt9fm8hcYAZIBJAoKcHJvamVjdF9pZBIWQhQxMjU3NjkzMzI1MjI0OTgyNDQxNw&filename=&opi=89354086
4da354e96bf149729167c18b30658df0	Casin8 Desktop - Roulette Main Stage	https://lh3.googleusercontent.com/aida/AOfcidVAyAeCOD3gmsCh6bnjiHM1iLPYLKCz8Dtb0llrkUq_JkRO1tdj-UYGhgKtCLqTYH2GxOcKavawiXIYzjew0ot0OiviUn_N8SNuZyn1n9zEH5NL0_XG3OGA7k208kz7N_7kOmlVsmzAS9pHfplk9knCQyuW4ytpbVE7JENCppkoWI0p7uVgI2PIwgEZCcg8ilo3b43ieTJPEMxGV1UgMyX35T01xXN-Dnr2liqX-Q0th16WIEeUBLwfj59k	https://contribution.usercontent.google.com/download?c=CgthaWRhX2NvZGVmeBJ8Eh1hcHBfY29tcGFuaW9uX2dlbmVyYXRlZF9maWxlcxpbCiVodG1sXzk5ZjUzODJjODRlNDRmZTE5ZmE4NmU0ZmIxN2EwMGMxEgsSBxDYt9fm8hcYAZIBJAoKcHJvamVjdF9pZBIWQhQxMjU3NjkzMzI1MjI0OTgyNDQxNw&filename=&opi=96797242
f6deef5d98ee4c70bad1f03926c4c917	Casin8 Mobile - Texas Hold'em Poker	https://lh3.googleusercontent.com/aida/AOfcidVl0AiUgz-76wgLFA0_vBJ1t3EcfQCMyEoCZJyQnudwS2SQ605DGDy5Gt380BDg2_c8dQmvwLmebsTfGk4uq-5GCuhZzsGaWPNzApJcWsY1QROS2gbE53ls7n1A4FbUDAKFBds4kcwD-12nfqVhgW_GnI1sj1SDZWqG-xZyWETjagDqpqCeBg5z71KhO3F2Rgmz2npY-hToLH5pZXzQ-U9fPeYeydKCunQOk0afyKaazjZvj5PhWZYj69-k	https://contribution.usercontent.google.com/download?c=CgthaWRhX2NvZGVmeBJ8Eh1hcHBfY29tcGFuaW9uX2dlbmVyYXRlZF9maWxlcxpbCiVodG1sXzdkYTY1OTVmNGJiZjQzMmE4ODBiNmVmYTliMTM3MGYyEgsSBxDYt9fm8hcYAZIBJAoKcHJvamVjdF9pZBIWQhQxMjU3NjkzMzI1MjI0OTgyNDQxNw&filename=&opi=96797242
5523fd9f0ead475f82cddef43501a586	Casin8 Desktop - Blackjack Main Stage	https://lh3.googleusercontent.com/aida/AOfcidUVU8_SmmntDKq3hrCbwgFakpJzPZs-CMWZo_2Vmqvy-lvIMIyGNQxOyfFbIuN3kvamJC_9YvxyDyDmWBJlwHKwmExSq1fvZ2Cid2EBwlok58Txna5bJRVNRqpyEFj_PDtsICvwlQ_2skUJT2YrJFc0uwkxWBcBej9410zqxsBnJUoBS7wVhV0psYtaUkUq_aC6-5Edxiyf2dlMJXQ7Sze1Y-HQFzYFv9IRIL5gA95v2e5LeRzxAx_eYYKC	https://contribution.usercontent.google.com/download?c=CgthaWRhX2NvZGVmeBJ8Eh1hcHBfY29tcGFuaW9uX2dlbmVyYXRlZF9maWxlcxpbCiVodG1sXzg4MDMwMzE3MWU0YTRiMzRhMzk1ZTNkN2QzZmJkZjBlEgsSBxDYt9fm8hcYAZIBJAoKcHJvamVjdF9pZBIWQhQxMjU3NjkzMzI1MjI0OTgyNDQxNw&filename=&opi=96797242
549d8736a08040c0b120581c689b0b61	Casin8 Mobile - Texas Hold'em Poker	https://lh3.googleusercontent.com/aida/AOfcidVUfgsbjvocSrqG9K8eZP_go2ydedGUZcX8JjQXnusyvC4-2W-JptZLV0e18uX-EGtug9hEs9u4yWyNga43p5fsSsFyn2XslGTdZWBw-NgpHZyhTzBAp5tgVYJqhIC2yd_-iizFkn-wDI89GMl7EALhMpGwoYzry0XnNaTz0t_Ahzp3yGFwB1P9LsU8h1xvsnl8ezLpQyjMW5nbmlkkIlolEe9CsagWWUDkFAs9ZRx0dcbjbU_VqI11GguY	https://contribution.usercontent.google.com/download?c=CgthaWRhX2NvZGVmeBJ8Eh1hcHBfY29tcGFuaW9uX2dlbmVyYXRlZF9maWxlcxpbCiVodG1sX2YzZDhmZTEyMzFmNjRhYzliNGYwM2MxODkxZjUxN2I1EgsSBxDYt9fm8hcYAZIBJAoKcHJvamVjdF9pZBIWQhQxMjU3NjkzMzI1MjI0OTgyNDQxNw&filename=&opi=96797242
2e08bb973a5f42b1af74e8942dfd15ef	Casin8 Desktop - Wallet & Ledger History	https://lh3.googleusercontent.com/aida/AOfcidU-j1D-9qlhUWMpviLoodtXOK4PUlLrvrpu7y3rkLLQ0AAoZu2DbAjMh_n51EAX6ryloPAVWbcr3_dDqiaQB8wmJ0Qu78YcHG2hX8JJBzkjoYI2sklh4xw976rfOf1iiXwraUs5RV-l8cY-KNHX90F_cc_LlT3wbLz0dATBAz7Ja2FYf2I7hE1uu4uEF73SF598tlPqZcVNkf9evQnQ5oGGabmwC1irDJpncCpIMFFQIn9r1HaXi4SY2Wmt	https://contribution.usercontent.google.com/download?c=CgthaWRhX2NvZGVmeBJ8Eh1hcHBfY29tcGFuaW9uX2dlbmVyYXRlZF9maWxlcxpbCiVodG1sXzQ0YmRmZjdiODVlNDRkZjZiZDVhMDIzZjFiYTgxNjIxEgsSBxDYt9fm8hcYAZIBJAoKcHJvamVjdF9pZBIWQhQxMjU3NjkzMzI1MjI0OTgyNDQxNw&filename=&opi=96797242
ffa8ff09074d4109b8d4dd36ef8c29b7	Casin8 Desktop - Poker Interface	https://lh3.googleusercontent.com/aida/AOfcidUQJs0M_HIN5w7HNFZKQ-Lg-ug70eupiu521pDon574A2BDWCnT1Wn1r6P2pWTP7zZZHlCF5K6MeSJX-bg0glhofNOOATcfvFjgnJM7tY9c80s5VdkpB3ElHf5_fA0iN4-jF39XScPfDpsBUP7pfk9uZKoGf2M3i0AixrHACEzO7NAdND0ML9v_aMBKQ8h3UGyceb-MugtLNfodNSzpIZtBtrPDCGuJTtwZNs7eNSEcIHsZKTKLClTpfKM_	https://contribution.usercontent.google.com/download?c=CgthaWRhX2NvZGVmeBJ8Eh1hcHBfY29tcGFuaW9uX2dlbmVyYXRlZF9maWxlcxpbCiVodG1sX2VjYWM2YmE2MTIzZTQyMjU5OTNjZWIxYzEzNTcxNjQ1EgsSBxDYt9fm8hcYAZIBJAoKcHJvamVjdF9pZBIWQhQxMjU3NjkzMzI1MjI0OTgyNDQxNw&filename=&opi=96797242
6ec6429e299f4da68e49ec730d1ba5a4	Casin8 Flagship - Roulette Command Center	https://lh3.googleusercontent.com/aida/AOfcidXj5o4QjjpItQwqaxxWOMLWDbRcdnl0QVRXhwLZU0FFNVUzZvUDpsa-TwHxOn3Xu5TD1bVuFHxtQZ9NEzIAx6Qwhnga4Jnvj-Gg1VfRhF28GiOdcBWSE4k9Klhmz-v_tE9kkb6y93vi1Q4YCdEENI6FtK1nHeySfjyIFkXUKPBQyA2o0od0mPYPp7ugveGw_XWEnurVsb-GcSLrvbZ9PHcj8WcM9dG5HWCmXxi7IPXbgQh5kCfQFU7t6Qw	https://contribution.usercontent.google.com/download?c=CgthaWRhX2NvZGVmeBJ8Eh1hcHBfY29tcGFuaW9uX2dlbmVyYXRlZF9maWxlcxpbCiVodG1sXzY3ZWI1MGQwMGFlYTRmOWY4MWIwZWMzNzY2MmEwNWVhEgsSBxDYt9fm8hcYAZIBJAoKcHJvamVjdF9pZBIWQhQxMjU3NjkzMzI1MjI0OTgyNDQxNw&filename=&opi=96797242
80c77102457146239a77cd934ccade30	Casin8 Mobile - Texas Hold'em Poker	https://lh3.googleusercontent.com/aida/AOfcidXLoG6kFiQPRco_nFQswfgyczpU0IDsr9B5LckvSMqakURlNgseqb3gKvhNcboBeujR6cEnrX34ZT77demWzL9CTn0h4OkRoBnZdJYAQ0I1LjYn-v18BsCMr9SX7O7XK0NjYOOQvw18IhvBr17o-p-zM_xSd1kejZrj-iDu54DhuJnRHWY95QCQxetgq499CNLf2qLK6JrLXxEQ43wXEK6ZxS5az-VI6SasySFJ0slXZ1aLY_Fdw1e5zQGI	https://contribution.usercontent.google.com/download?c=CgthaWRhX2NvZGVmeBJ8Eh1hcHBfY29tcGFuaW9uX2dlbmVyYXRlZF9maWxlcxpbCiVodG1sXzVlMTc1MWZhYWZlNTRmZmM4ODE3NjQ3ZmNkMjBhYjI1EgsSBxDYt9fm8hcYAZIBJAoKcHJvamVjdF9pZBIWQhQxMjU3NjkzMzI1MjI0OTgyNDQxNw&filename=&opi=96797242
6d5f964d20de4a9898df338d2c401a30	Casin8 Flagship - Roulette Command Center	https://lh3.googleusercontent.com/aida/AOfcidVXUmAszLjW_8gLDHa1e2VcXfqtQo0LNXsF1sj0X-qvH5CH_8vT7Wgd3VFHoy1tcYRa_yA-yPcXFfx5ag0x9P8TDp5LO1a8FgZ5e7TxoowlQaW_sj4W9lUZXPXNfcNMYqhDuxm87eXMxeuEhgM_Zxe4gi1bLNPpnIgf4gJLKu-UFEgWvAGWg_TiNBDOD5ofEp6rZU7zCSIMZ1vH5KRWXv-MflOHzo8PxxqFpcXrSSqvLYZHh6b2TiY5I0AK	https://contribution.usercontent.google.com/download?c=CgthaWRhX2NvZGVmeBJ8Eh1hcHBfY29tcGFuaW9uX2dlbmVyYXRlZF9maWxlcxpbCiVodG1sXzg2MGNjYjhlNGY3MDQ0MDk5NjE3MDA0NTQyYzk0ZTM4EgsSBxDYt9fm8hcYAZIBJAoKcHJvamVjdF9pZBIWQhQxMjU3NjkzMzI1MjI0OTgyNDQxNw&filename=&opi=96797242
118a6b0e713742b983f61b6c3d9e4b60	Casin8 Mobile - Slots Interface	https://lh3.googleusercontent.com/aida/AOfcidWPZj5yn59yWa5cuDJnD1_xCKQJrShBJX3nJlgUd15-EeDwtQD38d5VVTcosLF2OJGucVinozRPybEiDPwofbxl-ayB4DV-zJNisvpQPnfBnnZS99smOrdBbV6gRty2I3MUMdUZHUa4XUbQRXhMl46XydmGcja9nfoPFZeKn9xXPwYOr_fn7cG0EE7kTYxqxTZOGj1XSuUebIPuKFMW4LVFptmZBYV9xuil4JpcQq49GIBV90ZK8pQqSDe1	https://contribution.usercontent.google.com/download?c=CgthaWRhX2NvZGVmeBJ8Eh1hcHBfY29tcGFuaW9uX2dlbmVyYXRlZF9maWxlcxpbCiVodG1sXzdjYzc1ODhmMjI0NTQ3ZjViN2MyZTNjZDgwNjU4MDYxEgsSBxDYt9fm8hcYAZIBJAoKcHJvamVjdF9pZBIWQhQxMjU3NjkzMzI1MjI0OTgyNDQxNw&filename=&opi=96797242
feca8c1f3ee14323a526dd241d88e1a0	Casin8 Desktop - Texas Hold'em Poker	https://lh3.googleusercontent.com/aida/AOfcidWHDD64Bk2Qqum34Qq0vkjzpeWDyLYYAKiLtXIQh87TiaZUiZ6jZ0lOVpGjPa4VW01AW0cRt8Nbpr9BnSALMIb608sAEBrail5AIIA-QiTBbe6adsAhaXSF1Hg6yetfUD1GzehZSorTPeVrifdeFISJrqi06E1wZiVfslI4bu8mL2k5UO3VyZa8Qk4CvMPQiQ4lveCWxGQS3mry4fMFg5TzW9uXhXOncEEDzSij8MEu4-u_Xn1yl6iSaafy	https://contribution.usercontent.google.com/download?c=CgthaWRhX2NvZGVmeBJ8Eh1hcHBfY29tcGFuaW9uX2dlbmVyYXRlZF9maWxlcxpbCiVodG1sXzYyZTVlYWVmMDhkYzQ3NzM5YmU2NDQwNDgxY2QxNWQ0EgsSBxDYt9fm8hcYAZIBJAoKcHJvamVjdF9pZBIWQhQxMjU3NjkzMzI1MjI0OTgyNDQxNw&filename=&opi=96797242
3fb890422ec04acfa861d7205535f2e5	Casin8 Desktop Roulette - Idle State	https://lh3.googleusercontent.com/aida/AOfcidVNh6a06b0bw5NLTzkl2d3qkOEpxqzZZmjh0M9nRhEgDaLuVbyeZkXKG79KWsUl6Jywh4xWVHHnY5JctXSJn2PUJYuXrYM4MnHEawgBYomFfOM32qEP1u_fhqYJHKl4yM1o8M2hFsVEDS0HboH7mizs1f8Tf8gu2mgB4gzemiukbo9xeSIW6BOoIONZ9p1TCZ12AtnTjzN9KLSOuRhEt2kLRshmDcBVviXxUyNOXyfI7-0WRCzRrLssS2Yn	https://contribution.usercontent.google.com/download?c=CgthaWRhX2NvZGVmeBJ8Eh1hcHBfY29tcGFuaW9uX2dlbmVyYXRlZF9maWxlcxpbCiVodG1sXzg5MGFhMDUwOTEzMDQ2NzU4MGViYjZhMzk5OWEyNDhjEgsSBxDYt9fm8hcYAZIBJAoKcHJvamVjdF9pZBIWQhQxMjU3NjkzMzI1MjI0OTgyNDQxNw&filename=&opi=96797242
0f0deec0b5f6402c8344b368df5f1ff7	Casin8 Desktop Roulette - Payout State	https://lh3.googleusercontent.com/aida/AOfcidXzX___Ar76LVSh-3Wc84KOhJ0WefsuC2CGDnU9ypNVEgTcF29sKQVZEFNsCnqpSRRnYKHhlI1XlN6aDCApJOGdu1I2xFp84G4ReKsLDHAiNUlrvBnn7vv92g_ik81dInsc3Vwxqs22VGFzsUCQC8xxx8mHXKigTO3aM6GgaQ0Yhq1ReXvldrsedC82JjIxq-UKt78x2c1soHQ6nUU2k2jQJrWdzgecwecFrA2BwfxYH5nbU8XgtUiQ0mg	https://contribution.usercontent.google.com/download?c=CgthaWRhX2NvZGVmeBJ8Eh1hcHBfY29tcGFuaW9uX2dlbmVyYXRlZF9maWxlcxpbCiVodG1sXzJhOTlhZTU2NTFmNjQ1NDM4YWNiOWUzMTUwZDU5NmYxEgsSBxDYt9fm8hcYAZIBJAoKcHJvamVjdF9pZBIWQhQxMjU3NjkzMzI1MjI0OTgyNDQxNw&filename=&opi=89354086
8bdb1f70135b4b0a86dfc06578033f5c	Casin8 Desktop - Texas Hold'em Poker	https://lh3.googleusercontent.com/aida/AOfcidW71lpe6ImoNkx74uodmTSuotsmpmOmmx1WVyQ6l46fOtlbFPgppp6TDBEI9WM2TR1KFqn0G2TIIVA0RaY9Q218DKyMiUAAIn3P1QS3E7fZ-sQk98TM7uwZejLKa8FBxODPkEacViLf3z0CIdeZy_U7KE-8lP0y1jJ39BZStDW63rk132Cohbs2GfdsfFwgoBushR5120y2aqL4ariOTsgWrpWuM6S4ccENuOlUAmCH9dwTcZFbAhuWN24	https://contribution.usercontent.google.com/download?c=CgthaWRhX2NvZGVmeBJ8Eh1hcHBfY29tcGFuaW9uX2dlbmVyYXRlZF9maWxlcxpbCiVodG1sXzQyNTMyZTU2NmNhZTQxNjI5ODYwNTYzNWJjMGUwNmQwEgsSBxDYt9fm8hcYAZIBJAoKcHJvamVjdF9pZBIWQhQxMjU3NjkzMzI1MjI0OTgyNDQxNw&filename=&opi=96797242
06a7098512624c8fa0971b15dec0d096	Casin8 Mobile - Blackjack Interface	https://lh3.googleusercontent.com/aida/AOfcidUB2iC_Gf0o9ofAX0fVMsPvMdoOAONqqRkIVuptL8l39jMaRmZGz9iykH404TiCsQyNPVHb1s9HJO58OQWVZs0VnAOZ1rEx1G0bW0zAFZ9IY3wNz_ytD1q5RhD058tIe18tBdxYSctEr8a9C-0qpUExWegHuW9IptnhYj3yVeo5gKdGTMa0bjinrJEBLIiNJJZT47z_IF_XnnQ4eulNXyddxZVFTuN4gvnEnFMRuxLEb5MwiGrdfWdSBhpp	https://contribution.usercontent.google.com/download?c=CgthaWRhX2NvZGVmeBJ8Eh1hcHBfY29tcGFuaW9uX2dlbmVyYXRlZF9maWxlcxpbCiVodG1sXzg3YjA1OGQ3Y2E2ODRhODc5OTM0ZWM1ZDczNzdkNWMxEgsSBxDYt9fm8hcYAZIBJAoKcHJvamVjdF9pZBIWQhQxMjU3NjkzMzI1MjI0OTgyNDQxNw&filename=&opi=96797242
8c74ea4f95f74010ae126a615e62246c	Casin8 Mobile - Blackjack Template	https://lh3.googleusercontent.com/aida/AOfcidUk0NeN-UIgwlu2eq8ISF_y4TPK8Wdehwx5sF2KmKp-oPHhW3DTJ-vAWoYmBA02oHZuETMnovljmFUDh0Vec9sKCs1QeYk8HmK3pjX8lff6DOtXQSSgckr8XcFjKzqyMAhrhMa3-CufNngYDd0UH1jlNaSlM_Qr1JvrVidFPZ0lubmrZQuZ_hfr8uz3aMTzi2HbL1yyMy0_UGWn2jqUsEwbm4w0sMqSTkcbpjEulajYOGNF8SpkgcFUkNU	https://contribution.usercontent.google.com/download?c=CgthaWRhX2NvZGVmeBJ8Eh1hcHBfY29tcGFuaW9uX2dlbmVyYXRlZF9maWxlcxpbCiVodG1sX2JkOWE3NDQwYTBjODRiMGVhOWVmNTE3YmQwZDUyZTEwEgsSBxDYt9fm8hcYAZIBJAoKcHJvamVjdF9pZBIWQhQxMjU3NjkzMzI1MjI0OTgyNDQxNw&filename=&opi=96797242
