7ce71e659a394496a5be9729c4595083	Wallet & Transaction Ledger	https://lh3.googleusercontent.com/aida/AOfcidVJK5mDTLPFnWsNQ_fTOYO3OxQUyrYOfvaF6f6hRo47dy24ZSWeUlsI9OSFyMbKZExm4yf538lRH__jQxrdX3XnW5KJNzlKk01tXgQPMNbMFU8HVEfKRF4BGPhP4CY7gPZjGFag-F5BF8OHIStwGiyhTGSaaTA06kmL3fIYdMoCN-YqEktNOMhtVZFyjIV3M5b9lsxRyTjULFkQpOrZLHA6keetkQ2IbRMh2UVq0qHUxRYRHRye_KmDqy8	https://contribution.usercontent.google.com/download?c=CgthaWRhX2NvZGVmeBJ7Eh1hcHBfY29tcGFuaW9uX2dlbmVyYXRlZF9maWxlcxpaCiVodG1sXzFiNjMzN2JkMmFmYzQ5NmM5ZDZkNjgwYjExODZhOWM4EgsSBxDYt9fm8hcYAZIBIwoKcHJvamVjdF9pZBIVQhMzMTEyNjY5MzQwMjA1OTc2ODI0&filename=&opi=89354086
67a5471c5ef6446995b7a2e4247b29e0	Session & Risk Controls	https://lh3.googleusercontent.com/aida/AOfcidWIS-Ls2zfpVo8bCoB31lDZbQr6WhkYfyGu94sRDEeXYAvQgd2DaRKcrVyXc8sxwiLqGk1UsnbvnE0-f6GpJCvXOtKBkz-ssUcNmRfCQrKNcTpS6_3OjCu9cp-DIC6i5gDeiHOlTFPASOq60yK8niAtyayJpbFRjISZtywGs3oZWVqdNvJDg4lvkjcNhZmgXatncXD5E7JtiUu59qBRCxip75Y3v66Cg_tE3VUvP1OhFAMZa-98y0f7cLU	https://contribution.usercontent.google.com/download?c=CgthaWRhX2NvZGVmeBJ7Eh1hcHBfY29tcGFuaW9uX2dlbmVyYXRlZF9maWxlcxpaCiVodG1sX2YxNGYyNDg0Y2ZhNTRjOTc5ZWQzMzk2NGM5MTVjNThlEgsSBxDYt9fm8hcYAZIBIwoKcHJvamVjdF9pZBIVQhMzMTEyNjY5MzQwMjA1OTc2ODI0&filename=&opi=89354086
290ed044d3b84a82938a347555b1f55a	Buy Native Tokens	https://lh3.googleusercontent.com/aida/AOfcidUf7VINb_x-3npSJqxl2eRnGeLy3EQaex10TTROzfiPeQ4bQcVVAI8BQRSi6qkA8qjsrhoo47bhvphiMrduj-Rz1TNg5WRX_qY7fC6P9AGvB_pF3iruLTtilbqnOpMs6I9ZNFlD8UOKblHT0ykXwvVo87SUTyB1XONTrmD5CtZVw0WfMsjKLPqwJYdCC6kmvbdbWbazE4c3nc9LDkPuc28R86_YoHuBPtma9RfH8UH5V1JYaoxClMr_9tI	https://contribution.usercontent.google.com/download?c=CgthaWRhX2NvZGVmeBJ7Eh1hcHBfY29tcGFuaW9uX2dlbmVyYXRlZF9maWxlcxpaCiVodG1sXzg3N2IwNmZhYmEyNjQ0ZDRhOTEzZmQ3Y2Y4MTlkYTM3EgsSBxDYt9fm8hcYAZIBIwoKcHJvamVjdF9pZBIVQhMzMTEyNjY5MzQwMjA1OTc2ODI0&filename=&opi=89354086
55cee28942c94a469328be8b0459c4d2	Game Rules & Paytable	https://lh3.googleusercontent.com/aida/AOfcidU0G6c18h5oTycFnT8cq6zgJFPJkvfwL3IqC2x8Pr1br25_UFgtRLe92UJ3kSxffhLdv_yPMuyxC20S0PX6_c4QJPFlDIj33zpCkS2DGWIX1_k8jNR1-HqEkrlFE28mG8fF69Ng5Ae6v0lBKL6EcVH-L8kk-q6lg2ffmsxfTWWf4SHrX5Vu1-Beu5cwXm7uX5_JFkKDqfCAxnY9S7li1DA6Ga0DN5hRmNDVaV7qazt0Mm5Gz2Ugl55qJTM	https://contribution.usercontent.google.com/download?c=CgthaWRhX2NvZGVmeBJ7Eh1hcHBfY29tcGFuaW9uX2dlbmVyYXRlZF9maWxlcxpaCiVodG1sX2NlNjQ0MjRlZTlmMjRhYzViYTBiZjFiZDg3NmE3MTE2EgsSBxDYt9fm8hcYAZIBIwoKcHJvamVjdF9pZBIVQhMzMTEyNjY5MzQwMjA1OTc2ODI0&filename=&opi=89354086
b9f32a5ddac640f882fd9ef62aecf91e	Nebula Gold - Big Win State	https://lh3.googleusercontent.com/aida/AOfcidX6iUng0Y49YDUD5uFs6pVvurvOGOqHrQBU31sldOd9CwFoPdEFIJCyx-0pNX7y0nWiURcQpJg-cY_-DhH6AhjwRmZWdDopHTa4agGSug4EahHH19BtU2P0TdzmyoQGBxmIMmshfJBMKM0MwK3bVEZePpcF8lEarx0fubu9HBKLdjYv4tEzGqvO3t6LvATjZLleODIa1ZxC80uOoxVXtqOoM9qKlWf0mi9iBsIh9BZ9ggGsWMXWWI1QZC4	https://contribution.usercontent.google.com/download?c=CgthaWRhX2NvZGVmeBJ7Eh1hcHBfY29tcGFuaW9uX2dlbmVyYXRlZF9maWxlcxpaCiVodG1sXzQxYjFkNDE4MTAwNzRkMTFhNGJkYjU5Yjg1YjY5YmY2EgsSBxDYt9fm8hcYAZIBIwoKcHJvamVjdF9pZBIVQhMzMTEyNjY5MzQwMjA1OTc2ODI0&filename=&opi=89354086
7c55b3ed1d854b518a2f412df10a2d1f	Nebula Gold - Idle State	https://lh3.googleusercontent.com/aida/AOfcidXbrUmgirePBpf-npWj40XkiaFNhm1UbsoK11TAuzL25OmC2njFZGGm-qNpCRwNVaMYWH5UM3a41Hf8JkitbNM4Z2bAI6psubzLIoefJyagmnhJKx3GO799r8CjEEFydkzbhqQKZOA87x4DyCHaKziKWO28HqOpLTF2JdjQYKdJjJQwm7L_8rJ_ewPTDmwYvZAfTKSZlkKEOUNjOqORbx7LO9YaDmA-RsK7IuTcrPcXml0TH4z4Gwjawg	https://contribution.usercontent.google.com/download?c=CgthaWRhX2NvZGVmeBJ7Eh1hcHBfY29tcGFuaW9uX2dlbmVyYXRlZF9maWxlcxpaCiVodG1sX2ZhMzQ2MTMwNGYxOTQ3ZDdiNmI1MTA3ZmY0ZDI4NGFlEgsSBxDYt9fm8hcYAZIBIwoKcHJvamVjdF9pZBIVQhMzMTEyNjY5MzQwMjA1OTc2ODI0&filename=&opi=89354086
1ed69fb3adff48d9b72f9e72241b1417	System Sync & Recovery	https://lh3.googleusercontent.com/aida/AOfcidXF_D_fq2wuJtf_Whrqdp1J0l_Pmm5QiKXaa_2GqGg75Wu8_rEfsktt3PZcn28JhbTD39mPZaSwqXS19spxtKja07KDaAl8ILnu08r4Exh1QY5ubxB9lNu5uy4R9DPangQloPsvLYwe2V06LTf-0d1Zobhs62R_EGFDyxOXX3oEBX4BRRvSp7aMvtouDh7ETui1lrCSLO5gqr-jaO7k1BPs50hBx17q55A6JsOjepEYzZcqjls1V5OjmA	https://contribution.usercontent.google.com/download?c=CgthaWRhX2NvZGVmeBJ7Eh1hcHBfY29tcGFuaW9uX2dlbmVyYXRlZF9maWxlcxpaCiVodG1sX2IxNjZhZTAxZmMyNTQ2MTNiMjYxNjljZGUzNTE3Y2YyEgsSBxDYt9fm8hcYAZIBIwoKcHJvamVjdF9pZBIVQhMzMTEyNjY5MzQwMjA1OTc2ODI0&filename=&opi=89354086
17e96523906a4aa186929db8b816fa98	Nebula Gold - Spinning State	https://lh3.googleusercontent.com/aida/AOfcidUm0m9AI-gE9uIFON-gUgSPJXbk8xhBUUPTLKR3lePD0L3mQkOPvQAYb1gG8EmKXGySx7kmiMjRPvC95R3afkTnevrJI3Dz5GbJLuQRJXLmSBB8ZOfQY36dyViBLc_VwyW4eEMa_6uSUtqVAc6Aredy47IuJtYSwUdCzTQodsciq9PtnTmmGb9_CiPsbTmRm__X5jjUDdYEa84zvHAQBXbiJuFinIF3-TlFW4OzNLMcFEv1LS1hn63tmKI	https://contribution.usercontent.google.com/download?c=CgthaWRhX2NvZGVmeBJ7Eh1hcHBfY29tcGFuaW9uX2dlbmVyYXRlZF9maWxlcxpaCiVodG1sXzI0ZmFlNTQzNzI1ZjRkM2ZhZTIxYzZkYTNkMWM1Njg4EgsSBxDYt9fm8hcYAZIBIwoKcHJvamVjdF9pZBIVQhMzMTEyNjY5MzQwMjA1OTc2ODI0&filename=&opi=89354086
d19f7d177d3a4d25a265cc5df4cde9cd	Casin8 Slots Lobby	https://lh3.googleusercontent.com/aida/AOfcidUmF0CnhhcNysW9WRa_Yz6ereTORflqdQgAgiYHQVBhdAuPi_7Cy5X8rejzwKhC3F-gA6tXYQPG3eIUSCtlsesLrCMEuCAT_Zjz39QTJ0mCV_jKBs8ulz7QuHjTFnxP6qN2a1A8v1QIeR-Gorxlzz3rYP7StH4b-dfxpOj8eOmur2jxzSJS6_GqFmgBwiSL40wZOiLeoKxiyaEbUa6Bl1zVHR89FU8ONyD7s9_wP-AGEJcvaCq_obSePjo	https://contribution.usercontent.google.com/download?c=CgthaWRhX2NvZGVmeBJ7Eh1hcHBfY29tcGFuaW9uX2dlbmVyYXRlZF9maWxlcxpaCiVodG1sX2I3ZmZkNWJkYzgxMjRmNDI4YTRiM2E5ZTMzOWQ5ZGVlEgsSBxDYt9fm8hcYAZIBIwoKcHJvamVjdF9pZBIVQhMzMTEyNjY5MzQwMjA1OTc2ODI0&filename=&opi=89354086
7a8f00bab7ac42ac8b6244754c25dae6	Nebula Gold - Free Spins HUD	https://lh3.googleusercontent.com/aida/AOfcidWeACuMY1sjOzBv3XLu1gUY4tqXwMvlwsvsKVZBjrZRwemWKD4WUFHfy0w3hi-VY-rafd3Al7J707k_7jj-HhuedvnaqfvzYrOr45SE__GvCxKxnPlGDTrjMregVhmPZbggNyniaOciP44a7TBsXEDBrE3F7b4dg4RGmvxIyLVQwM2JrgfCLFSDIYfLo1_s1j8Hp9Bs6FeFkB6Fw6gfI5dW1vcXtrOVORbz8N6VjUhxf4eXm4zVf5upfLg	https://contribution.usercontent.google.com/download?c=CgthaWRhX2NvZGVmeBJ7Eh1hcHBfY29tcGFuaW9uX2dlbmVyYXRlZF9maWxlcxpaCiVodG1sXzRjMzlmY2EzYzFkNjRkMjk4NDAzOWFmZDk5MjBiOTk3EgsSBxDYt9fm8hcYAZIBIwoKcHJvamVjdF9pZBIVQhMzMTEyNjY5MzQwMjA1OTc2ODI0&filename=&opi=89354086
